country,indicator,1960,1965,1970,1975,1980,1985,1990,1995,2000,2005,2010
Afghanistan,Migrants male % of population,0.525990155,0.507883383,0.487391183,0.46547846,0.460293279,0.496565836,0.49885399,0.422687155,0.402728834,0.384378906,0.340174717
Albania,Migrants male % of population,2.792609423,2.524720827,2.320662003,2.167753605,2.007109177,1.907440572,1.812575465,2.09588576,2.360321932,2.519889936,2.674950693
Algeria,Migrants male % of population,3.948954341,1.793823038,1.338247442,1.112466871,1.074702696,1.424548368,1.179633085,1.14957395,0.891098925,0.801762747,0.743148105
American Samoa,Migrants male % of population,12.6337489,18.555667,27.55523361,36.90155645,42.5690407,44.1840838,46.21970386,44.57893955,43.78288469,42.72093532,41.5759699
Andorra,Migrants male % of population,19.86037897,39.19425043,56.61849048,61.13846523,69.61861668,69.25647452,75.27581841,68.6399532,63.9476655,63.52051836,64.89839996
Angola,Migrants male % of population,2.895765944,1.652564021,0.937237518,0.524055902,1.320069037,1.321318916,0.345482608,0.318244863,0.332034769,0.334331069,0.328058141
Antigua and Barbuda,Migrants male % of population,9.415281876,10.0633213,10.73427725,10.8938096,13.01070664,15.70571673,19.43201319,19.77339181,20.23925171,20.78011123,21.92376628
Argentina,Migrants male % of population,13.56535755,11.49568678,9.737309345,8.200602752,6.911316701,5.849608,4.933909045,4.355848587,3.960497195,3.666220767,3.386754408
Australia,Migrants male % of population,18.21603605,19.24906343,20.45455396,20.38618016,20.46065309,20.48143972,21.32845516,21.41134195,20.9942091,21.0111439,21.4146811
Austria,Migrants male % of population,10.66595413,9.488325809,8.329637451,8.857427886,9.044733197,9.25899095,10.03150926,12.20317171,12.35501868,14.09314632,15.85177465
Bahamas,Migrants male % of population,12.15767793,15.200233,20.02995578,15.56817078,11.87798195,11.34023286,10.90337029,10.51135137,10.28503595,10.20597432,10.17426384
Bahrain,Migrants male % of population,22.95880105,28.10163491,22.58965801,29.22291746,38.48948999,41.45780271,43.26687604,42.94034619,44.25533166,45.31062857,45.71939197
Bangladesh,Migrants male % of population,1.238822573,1.148017283,1.080356617,1.006794294,1.227351772,1.276983123,1.288323997,1.332368041,1.19356566,1.147180023,1.124598424
Barbados,Migrants male % of population,3.794431222,4.331709482,4.991794799,5.725882623,6.796272087,6.974282385,7.175110485,7.589637272,8.188977674,8.548423938,8.855028018
Belgium,Migrants male % of population,5.394834443,7.099673918,7.996352641,9.331597159,10.18605329,9.899331703,9.905430962,9.874724268,9.137738222,8.845801889,9.417876323
Bermuda,Migrants male % of population,19.30936309,22.9615627,28.5816278,26.70833333,24.8502664,25.51391863,26.07930428,26.95214106,27.9704918,29.09300908,30.51282051
Bhutan,Migrants male % of population,6.898119808,7.041506941,7.040298271,6.713324653,6.567059189,6.743255735,6.89690707,8.714975845,9.207229432,8.906548537,8.787538734
Bolivia,Migrants male % of population,1.455917599,1.408351072,1.353875063,1.292628266,1.163855216,1.036394246,0.918068388,0.95276168,1.105559913,1.291775706,1.525505548
Botswana,Migrants male % of population,1.614653137,1.714044321,1.761097077,1.780104183,1.761140168,2.051087066,2.500094051,3.03629621,3.779368617,4.878597933,6.22909289
Brazil,Migrants male % of population,2.1406496,1.722012301,1.404486369,1.178453808,0.990736445,0.74808074,0.573512584,0.486717961,0.425317893,0.400766735,0.384097931
Belize,Migrants male % of population,8.970832242,9.059687128,9.145363491,9.033086479,10.59641792,16.83968533,17.08102363,18.16612884,14.68383761,14.13475725,14.22148949
Solomon Islands,Migrants male % of population,3.172883698,2.90377889,2.613963136,2.307134844,1.968989258,1.672593831,1.595113159,1.573231582,1.558062462,1.47674594,1.411401557
British Virgin Islands,Migrants male % of population,8.194233687,17.79249448,36.07873113,35.68943417,35.63177537,40.97038991,46.05200946,43.22185885,40.77826169,38.55036419,36.95909398
Brunei Darussalam,Migrants male % of population,28.27251185,29.20415879,29.80492246,29.84601668,29.53592654,30.41984733,30.80523724,31.92437551,33.50223701,35.76264291,38.48052059
Bulgaria,Migrants male % of population,0.217367057,0.213191846,0.209990723,0.207820271,0.206797479,0.206370719,0.208103165,0.479011249,1.088683316,1.165653304,1.245299792
Myanmar,Migrants male % of population,1.513468583,1.319414165,1.141935476,0.980560384,0.615536168,0.388973429,0.358532791,0.284058596,0.226853249,0.205813282,0.184600183
Burundi,Migrants male % of population,4.830586227,6.358797752,4.456018929,4.089397207,5.711736798,7.233278249,5.894990195,4.729241697,1.156943892,1.049264399,0.660404992
Cambodia,Migrants male % of population,7.261147434,6.252498044,5.03493137,0.207859475,0.067245966,0.166007234,0.413552042,1.050260127,1.877592769,2.190558271,2.201412876
Cameroon,Migrants male % of population,3.67208244,3.503566953,3.304178066,3.079597871,2.831191596,2.610519454,2.393452728,1.926334839,1.577234569,1.296578159,1.069351655
Canada,Migrants male % of population,15.82433717,15.65950889,15.11271458,15.22879015,15.45661937,14.9035035,16.06476015,16.89364927,17.63857028,18.92734838,20.52138327
Cape Verde,Migrants male % of population,3.602614092,3.205920912,2.854286546,2.935649817,3.019024298,2.850647198,2.666963732,2.53870002,2.469609786,2.436859588,2.437651895
Cayman Islands,Migrants male % of population,12.80276817,14.55825573,16.89993733,23.96393546,32.45126994,41.36769078,49.41176471,55.96861573,60.93150131,66.97222867,66.16468389
Central African Republic,Migrants male % of population,2.940901952,2.856095493,2.741963135,2.646762191,2.554587014,2.400297114,2.329851562,2.17883937,2.065349673,2.006825722,1.941448563
Sri Lanka,Migrants male % of population,10.19756418,9.29200776,8.705905726,6.395304881,4.328752251,3.027073628,2.641679959,2.335472521,2.121071289,1.906391691,1.700403955
Chad,Migrants male % of population,2.113220066,1.961895166,1.832705287,1.696029077,1.60653615,1.484310021,1.330568733,1.196053901,1.355925772,3.747794005,3.529455573
Chile,Migrants male % of population,1.560868888,1.249702819,1.015283219,0.870881232,0.756284953,0.762965451,0.837273442,0.954484643,1.137123307,1.370092245,1.757967249
China,Migrants male % of population,0.039268492,0.036342029,0.034445406,0.03325308,0.032698352,0.031047525,0.032578057,0.034938072,0.038730728,0.043377364,0.048798405
Colombia,Migrants male % of population,0.413039801,0.439364354,0.395490382,0.367675337,0.349273197,0.334216302,0.322352055,0.308471157,0.286476873,0.267974491,0.252204136
Comoros,Migrants male % of population,0.837416388,1.047952331,1.525837401,2.549251963,4.303150205,3.572761774,3.065681437,2.67544729,2.352834893,2.072870619,1.818768771
Mayotte,Migrants male % of population,5.781019632,7.016462174,8.132311834,9.704443972,11.70652443,14.55943941,18.10778138,23.11819243,27.12326206,32.73929126,36.04656998
Congo,Migrants male % of population,2.547974777,2.919500985,3.309057923,3.721069252,4.160471034,4.668272006,5.288443383,4.708084335,3.478590465,3.809456723,3.860416266
Democratic Republic of the Congo,Migrants male % of population,6.885629342,7.759115342,7.079786022,5.17326149,4.409544806,2.279628931,1.991550211,4.149935402,1.172495425,0.773150056,0.620867955
Cook Islands,Migrants male % of population,4.662004662,5.5601746,6.179723924,8.221524408,12.91725563,14.74365893,15.59325697,15.91027647,17.13213379,15.89262019,15.32875368
Costa Rica,Migrants male % of population,2.688783477,2.174431755,1.478407722,1.483292881,2.973952543,4.33230625,13.54905164,6.53326354,7.845446731,10.10650168,10.39228962
Cuba,Migrants male % of population,2.732415977,2.358579841,2.062511763,1.380283927,0.953506488,0.671885966,0.46016196,0.321352539,0.227915239,0.194052454,0.193125543
Cyprus,Migrants male % of population,5.221194329,5.606659132,5.538940379,5.836857168,6.093511062,6.052599715,6.031994953,6.865970965,8.970572289,12.24191836,15.42149728
Czechoslovakia (former),Migrants male % of population,0.365592219,0.37373813,0.385054544,0.39280072,0.399913209,0.650883879,2.736215174,3.340220453,3.416410637,3.484736505,3.481773248
Benin,Migrants male % of population,1.638305212,1.698531131,1.750154678,1.736236538,1.717240899,1.736022809,1.703310009,2.726197693,2.156253735,2.562001125,2.718356431
Denmark,Migrants male % of population,1.476321722,1.616022369,1.958578377,2.399530319,2.966070191,3.681897404,4.517351239,5.623049289,6.825208717,7.552533458,8.724522849
Dominica,Migrants male % of population,4.203365557,3.752133834,3.276756998,2.887556222,2.48491694,2.992378435,3.826925888,4.698260768,5.804919523,7.210384376,8.995727781
Dominican Republic,Migrants male % of population,6.280823428,5.856529086,5.48095667,5.237620235,5.081712804,4.959528702,4.877581895,4.837222496,4.858647825,4.908762747,4.991466646
Ecuador,Migrants male % of population,0.590445905,0.682494987,0.787927693,0.88567368,0.894925195,0.842707614,0.745672195,0.763655005,0.823632969,0.960670876,2.942530655
El Salvador,Migrants male % of population,0.683198214,0.773060805,0.824948196,0.719664169,0.623580195,0.550352814,0.856908473,0.476291626,0.522195498,0.588607608,0.656129576
Equatorial Guinea,Migrants male % of population,10.94166336,7.156831521,4.612867435,3.925,2.927793525,1.395976113,0.784425014,0.829105642,0.915235576,1.019345682,1.147440426
Ethiopia,Migrants male % of population,2.044635611,1.751765352,1.556504308,1.327489959,1.254512803,1.548954645,2.534034803,1.479469209,1.077286962,0.79003386,0.685976971
Eritrea,Migrants male % of population,0.633814783,0.593279403,0.548692213,0.504228847,0.462863205,0.433201517,0.402099076,0.403534734,0.383120352,0.356367946,0.346618159
Faeroe Islands,Migrants male % of population,4.654553611,5.019669552,5.468866102,5.947990102,6.470510505,7.11766188,6.538305634,4.386200717,5.344256728,6.743623309,7.062538509
Falkland Islands (Malvinas),Migrants male % of population,28.58481724,18.44660194,9.017223911,8.966244726,17.21132898,31.95201745,47.71573604,55.13245033,65.49789621,67.07650273,69.21529175
Fiji,Migrants male % of population,6.172967221,4.543668648,3.545059513,2.813270259,2.308828847,1.885657306,1.917612863,1.955081058,2.029164947,2.128292511,2.234051636
Finland,Migrants male % of population,0.656326148,0.648978665,0.659235362,0.711995761,0.78219021,0.99123657,1.309468996,2.094115774,2.625774645,3.295937459,4.26516234
France,Migrants male % of population,8.783865108,10.21471472,11.35623667,11.64988661,11.78930405,11.40905541,10.85065017,10.81741417,10.77643013,10.70925092,10.69797769
French Guiana,Migrants male % of population,27.75319716,35.64299971,38.41240876,36.15390101,37.72271087,44.74881886,51.52035109,49.73076763,47.74420651,49.35443276,46.57811972
French Polynesia,Migrants male % of population,5.695253546,7.375380418,9.358913544,11.91667774,14.50017706,15.83178044,15.18628868,14.93381382,14.46127559,13.99218792,13.65204641
Djibouti,Migrants male % of population,16.27187976,15.84107059,15.14920904,14.40713027,25.86772803,18.1286287,22.99745117,17.80173674,16.01503512,14.6816988,14.04689506
Gabon,Migrants male % of population,5.034017628,6.773188255,8.916382582,12.11035078,16.15027815,16.0731512,15.89047727,17.39279965,19.61865189,20.45098456,21.60523776
Gambia,Migrants male % of population,11.61977265,12.69100568,13.7877585,14.30506851,14.66706619,14.99130368,14.97875378,15.02936142,15.20001489,15.70741456,16.55351909
Occupied Palestinian Territory,Migrants male % of population,43.63098773,44.92190974,53.27508041,50.19484511,46.66807503,43.91163987,42.19083378,46.15931764,44.85662627,44.19225697,43.58213504
Germany,Migrants male % of population,,,,,,,8.596158337,12.50562372,13.28361978,14.02267632,14.25083727
German Democratic Republic (former),Migrants male % of population,1.72353446,1.043502745,0.626682676,0.597774678,0.566874605,0.537654758,,,,,
Federal Republic of Germany (former),Migrants male % of population,4.467450349,4.894546455,5.491914984,8.065432303,8.500258514,8.306725291,,,,,
Ghana,Migrants male % of population,9.825610245,6.673756202,4.796807161,4.418211363,4.208224421,4.086267422,5.268929882,6.776132945,8.854647086,8.750089502,8.739245918
Gibraltar,Migrants male % of population,25.08723946,29.36382536,36.55484357,37.11287619,36.59060961,35.04607651,32.10913635,29.60271318,27.4211477,29.108898,28.82247306
Kiribati,Migrants male % of population,2.376599634,1.913167416,1.541371158,1.845128775,3.371462974,3.557777124,3.1354444,2.714222211,2.48588116,2.251676076,2.064608173
Greece,Migrants male % of population,0.695077562,0.889633156,1.116262554,1.459745306,1.855943793,3.296371842,4.394850859,5.625146593,7.359252749,9.775455926,11.31384986
Greenland,Migrants male % of population,9.805226228,13.24762992,19.18404203,22.06156369,22.61293634,22.3387683,19.69621265,18.22769479,16.53787223,14.93890422,12.87716406
Grenada,Migrants male % of population,4.691660071,3.940287754,3.504097443,3.170538244,2.911401243,3.226535687,4.436392745,5.700036345,7.53882034,9.915025257,11.03984376
Guadeloupe,Migrants male % of population,3.497777778,4.624238321,5.523233609,6.623522091,9.607046917,12.98626475,17.32504448,18.39591383,19.26416675,20.24449031,22.18412795
Guam,Migrants male % of population,54.84452342,52.35455784,49.72237412,49.83265227,49.57055657,52.4732822,55.17028732,53.51737594,52.79340177,50.24324953,48.66309576
Guatemala,Migrants male % of population,1.066708371,1.007611891,0.70888827,0.552310749,0.521775853,0.881027593,2.507116279,0.388860023,0.38454705,0.393170447,0.387208669
Guinea,Migrants male % of population,0.378934901,0.415985418,0.453221461,0.523102671,0.553206667,0.589686263,3.836859322,10.29493537,7.963815812,4.068554912,3.552291379
Guyana,Migrants male % of population,2.917266187,2.392912652,2.04288875,1.382118956,0.917824893,0.735738629,0.603013973,0.787232947,1.163697014,1.378591856,1.588125628
Haiti,Migrants male % of population,0.378376899,0.302575599,0.242874866,0.248015618,0.267285727,0.283605015,0.302486429,0.324578922,0.343203797,0.367314381,0.39436078
Holy See,Migrants male % of population,100,100,100,100,100,100,100,100,100,100,100
Honduras,Migrants male % of population,3.251273463,1.696004166,0.786723759,0.466974993,0.908453903,1.978091368,5.598597797,0.56305948,0.468619586,0.393765501,0.329934415
Hong Kong Special Administrative Region of China,Migrants male % of population,53.63900738,45.38875696,43.43036853,43.66673974,42.76791425,40.32937859,38.4841039,38.222119,38.05064006,35.99303436,35.19404826
Hungary,Migrants male % of population,5.046822042,4.521464877,4.036919469,3.611951429,3.244337714,3.007027721,3.13715967,2.650182369,2.705186298,3.057378794,3.389288481
Iceland,Migrants male % of population,1.776424454,2.1628643,2.153059049,2.127601637,2.235049682,2.599573462,3.321344801,3.54122858,5.120753725,7.30202355,11.11288284
India,Migrants male % of population,2.174166169,1.939692304,1.706943334,1.492132076,1.298929445,1.061454686,0.873697799,0.736327496,0.611221844,0.517234161,0.444488688
Indonesia,Migrants male % of population,2.085018092,1.465363998,1.023352099,0.715805318,0.517735757,0.363114005,0.258629121,0.116225125,0.149320178,0.066851191,0.058734857
Iran (Islamic Republic of),Migrants male % of population,0.21649514,0.216121452,0.307511402,0.497198954,1.521342982,6.456510173,8.408145706,5.555555556,4.882056557,3.446974115,3.416167171
Iraq,Migrants male % of population,1.373937711,1.087507797,0.890598346,0.732896192,0.619275968,0.895249515,0.611665452,0.860173113,0.813648353,0.617504196,0.360860657
Ireland,Migrants male % of population,2.477385901,3.161631376,4.265371872,5.276065058,6.452573239,6.21167336,6.386290439,7.281913365,10.13980189,14.79327542,19.72233135
Israel,Migrants male % of population,55.79204921,49.69494742,47.51676254,41.85904972,36.61676714,35.4235883,34.29103135,33.73855424,33.15201398,35.46776536,35.90635981
Italy,Migrants male % of population,0.817108519,1.076856214,1.422573735,1.612583733,1.753421109,1.995791343,2.326158139,2.839466553,3.536693835,5.010641629,7.161082041
Côte d'Ivoire,Migrants male % of population,25.87596178,26.12127547,26.14819473,23.99428945,20.0953368,17.24438254,15.45222802,14.20037062,14.49450592,13.22601531,12.03838624
Jamaica,Migrants male % of population,1.444031795,1.457818848,1.44736366,1.252951528,1.095055993,0.948853008,0.872907645,0.907297148,0.972580776,1.051698562,1.13364463
Japan,Migrants male % of population,0.816958401,0.787771625,0.747799434,0.732207145,0.718038167,0.73267166,0.90680637,1.106211452,1.285936239,1.479328335,1.582916265
Jordan,Migrants male % of population,42.18136353,40.52161758,32.65990236,35.05605638,36.1622482,34.18014314,34.58983065,36.48555135,39.14349793,41.70072936,45.55875342
Kenya,Migrants male % of population,0.917566847,1.251398003,1.540681619,1.272503484,1.030582327,0.799662913,0.712170072,1.942942599,2.400905892,2.172196195,1.967869216
Democratic People's Republic of Korea,Migrants male % of population,0.257024827,0.232242906,0.214188002,0.203241422,0.199946867,0.186976412,0.176213551,0.165626737,0.15792758,0.152143991,0.146963133
Republic of Korea,Migrants male % of population,0.563882382,0.5644876,0.580613278,0.924891162,1.547644392,1.503956655,1.427153049,1.385371839,1.22628198,1.137985761,1.054282888
Kuwait,Migrants male % of population,38.81849256,58.58131211,68.44337196,71.08247928,76.63253403,75.09572544,79.352765,72.11775933,74.78796655,80.34862072,81.04744006
Lao People's Democratic Republic,Migrants male % of population,0.960586748,0.877732127,0.797592107,0.722266132,0.863251833,0.647744884,0.561128074,0.504727187,0.416790656,0.359436787,0.306076498
Lebanon,Migrants male % of population,8.101924241,8.083539267,7.943353958,7.779229797,8.987852256,12.55223763,18.48894446,19.48403297,19.11746006,18.35988948,18.50673888
Lesotho,Migrants male % of population,0.395491348,0.416205508,0.43213691,0.457951393,0.887620488,1.310337038,0.580815859,0.408965193,0.37752637,0.362011812,0.350285984
Liberia,Migrants male % of population,3.43256705,3.804076796,4.273224044,4.715870568,4.987739682,4.297093886,4.149934443,11.35839107,6.266061023,3.212690666,2.593241279
Libyan Arab Jamahiriya,Migrants male % of population,3.553323699,3.46303793,7.022197056,11.02885572,12.23787332,13.04773833,12.81864037,12.86962534,12.93140318,12.96394963,13.01964596
Liechtenstein,Migrants male % of population,23.22046466,27.53952783,32.5572627,36.55244029,41.00023967,39.14527378,41.26082439,40.42608981,35.5504157,35.66867787,36.45563927
Luxembourg,Migrants male % of population,13.83032258,15.03844761,16.82714269,18.9178566,22.89281764,26.88448834,30.00310403,31.30350622,32.42368887,33.78644499,35.31795128
Macao Special Administrative Region of China,Migrants male % of population,53.42163355,46.54726858,40.4408102,43.6997402,47.08092643,49.65703022,52.2105671,52.04695421,51.60480994,55.63708138,55.47621693
Madagascar,Migrants male % of population,2.463485717,1.739958139,1.156432477,0.762122473,0.633838728,0.532012953,0.440133406,0.360542099,0.295162843,0.243727927,0.202768878
Malawi,Migrants male % of population,8.564973751,7.528638743,6.553126869,5.5450051,4.642992494,3.908567243,12.08554971,3.148759115,2.3158341,1.993033907,1.70987364
Malaysia,Migrants male % of population,0.794904299,2.402786027,7.433427429,6.309968154,6.053525236,6.238997291,6.106750632,6.315126719,7.246095073,8.568859896,9.119875621
Maldives,Migrants male % of population,1.740952381,1.664359862,1.585669782,1.502762431,1.450060168,1.397425795,1.322652926,1.244172886,1.204479361,1.17431639,1.144891223
Mali,Migrants male % of population,3.255337434,2.978627996,2.725292045,2.490105034,2.287778095,2.091782431,1.979201251,1.902680841,1.639552789,1.478428808,1.296163998
Malta,Migrants male % of population,0.456950616,1.72178042,2.885445353,2.296057289,1.709678033,1.272813183,1.409068665,1.621150835,2.069867093,2.818809392,3.660667525
Martinique,Migrants male % of population,2.726989667,3.782145237,4.389996176,4.876178504,7.472728997,9.472061938,11.00707437,12.46672507,13.96450029,16.00703512,17.11728265
Mauritania,Migrants male % of population,1.662029768,1.846715373,2.057184585,2.300663638,2.574562916,2.8958085,5.472075506,5.983137999,2.76207404,2.529361794,3.357899855
Mauritius,Migrants male % of population,1.888076617,1.627253104,1.437199324,1.26703904,1.075390703,0.930733441,0.813525092,1.414971935,2.398469663,2.410392334,2.45378612
Mexico,Migrants male % of population,0.635262764,0.485941839,0.383684053,0.384950637,0.427839017,0.638816667,0.854696142,0.50891412,0.533721857,0.588270786,0.674415328
Monaco,Migrants male % of population,66.55137335,63.18243637,62.13619403,61.5197357,64.05104981,65.2869166,67.27848557,67.16955488,67.22018408,70.02729985,72.94080802
Mongolia,Migrants male % of population,0.409280688,0.383671303,0.369864591,0.359305444,0.350799316,0.330382583,0.309191274,0.322722179,0.324295017,0.330712454,0.345476164
Montserrat,Migrants male % of population,7.479728612,9.450549451,11.79001721,11.96261682,12.18692217,15.29745042,19.2408377,18.66038106,3.943089431,2.115453568,1.966101695
Morocco,Migrants male % of population,3.287818307,1.6291788,0.802768751,0.512790623,0.347468352,0.265678132,0.230695518,0.205326747,0.185967799,0.170274503,0.155247387
Mozambique,Migrants male % of population,0.135044088,0.101753773,0.081139529,0.340091263,0.843173531,0.447968622,0.900452613,1.545204653,2.000733138,1.930090633,1.891831504
Oman,Migrants male % of population,12.30135752,13.09239621,13.4995764,12.86155829,18.44713146,27.03175115,32.63570267,35.96632054,35.46993808,35.50405135,40.0003789
Namibia,Migrants male % of population,5.781072296,6.312977485,6.81465085,7.23437486,8.053582565,8.74082506,8.647812606,7.937189598,7.389754906,7.019766288,6.671370386
Nauru,Migrants male % of population,17.57794849,28.7609075,37.66193708,46.91043084,49.08993576,50.55214724,48.25619653,47.40770627,50.34095467,53.96730463,57.50295392
Nepal,Migrants male % of population,2.401682391,2.258923095,2.065656527,1.494753269,1.014352369,1.072616717,1.258063762,1.669118592,1.760748488,1.867607329,2.030661894
Netherlands,Migrants male % of population,3.215179898,2.961186209,2.518868889,3.086279681,4.034476978,5.738914376,8.061045364,8.993797246,9.905747373,10.41548823,10.16338984
Netherlands Antilles,Migrants male % of population,21.6443029,17.86549991,14.71123151,12.55288625,10.94562986,14.01174034,18.89480138,21.65585487,23.92130194,23.43620451,24.59111522
Aruba,Migrants male % of population,12.76250676,11.30553346,10.44056824,9.808213467,9.276920996,13.07191618,20.66272418,23.55672184,30.18936718,30.84869479,29.6950272
New Caledonia,Migrants male % of population,16.14284324,22.18634782,25.12632229,27.27923094,25.7705293,24.24349316,23.88986754,24.8634764,24.64494876,24.57697994,25.09828899
Vanuatu,Migrants male % of population,5.24350255,4.770608664,4.231401337,3.802522576,3.171605656,2.215861207,1.537142189,1.036615005,0.73290992,0.502048902,0.345554084
New Zealand,Migrants male % of population,14.80789833,15.33250278,14.98577177,16.37796371,15.29738019,14.86404678,15.60667528,16.03792462,17.49198927,20.3484726,21.53647844
Nicaragua,Migrants male % of population,0.746192802,0.770999253,0.908454169,0.836850832,0.805063981,1.158739062,0.999284945,0.576131829,0.610078343,0.660929701,0.72044149
Niger,Migrants male % of population,1.757465764,1.721643511,1.685516353,1.657332049,1.628710614,1.633874065,1.642460279,1.738092709,1.40094921,1.294998454,1.171204658
Nigeria,Migrants male % of population,0.270070315,0.306935435,0.347547787,1.339941743,2.09197722,0.473839102,0.519732606,0.58489789,0.655886462,0.737777941,0.747061931
Niue,Migrants male % of population,5.797101449,6.806930693,8.583860759,11.54580153,13.97727273,17.82608696,21.04810997,21.77570093,23.26315789,25.42579075,27.75453278
Norway,Migrants male % of population,1.578139013,1.708247058,1.87463866,2.355490291,2.979870293,3.579659353,4.799620436,5.501783576,6.679277464,7.877890993,9.818011074
Northern Mariana Islands,Migrants male % of population,29.00705165,30.49350649,29.87983587,29.9733401,30.96182168,55.44002029,62.93167269,67.20615363,75.12855295,76.76877357,75.20477905
Micronesia (Federated States of),Migrants male % of population,15.06234197,12.20925912,9.871163319,9.314296219,7.509118215,5.873500844,4.806950591,3.897383498,3.134050285,2.774828598,2.522595679
Marshall Islands,Migrants male % of population,6.601402302,6.239403188,5.880088538,5.188715505,4.764642013,4.205321643,3.774911106,3.58868185,3.591356776,3.404373097,3.129365745
Palau,Migrants male % of population,4.239197215,4.50619602,4.870357393,5.237554727,5.899984225,11.65950367,22.77743335,29.81775046,35.76378999,33.31486611,31.33218464
Pakistan,Migrants male % of population,12.82876188,10.39684727,8.221880477,6.41848372,6.245597948,6.72481084,5.988248249,3.304208031,3.050997894,2.293270139,2.461087138
Panama,Migrants male % of population,6.811229503,4.981269692,3.62032185,3.060121981,2.605965051,2.626097112,2.669208614,2.802856409,2.94666297,3.12134998,3.331829224
Papua New Guinea,Migrants male % of population,1.063035696,1.529561538,2.178251953,1.699885721,1.140956487,1.211395367,0.887458617,0.774253006,0.578100126,0.511374828,0.439089697
Paraguay,Migrants male % of population,2.79901145,2.726821048,3.041223557,3.709099122,4.727857906,4.892759675,4.481042353,3.944874164,3.37809759,2.925054767,2.557790324
Peru,Migrants male % of population,0.741122211,0.635736379,0.545806428,0.467393619,0.401885247,0.322952875,0.256437702,0.206024428,0.167407887,0.141680799,0.12113066
Philippines,Migrants male % of population,0.908234922,0.751875291,0.622175084,0.424182015,0.32097611,0.290352817,0.267192527,0.308959149,0.419106413,0.433992428,0.45147986
Pitcairn,Migrants male % of population,8.450704225,9.803921569,11.36363636,11.76470588,9.677419355,12.90322581,12.5,12.90322581,12.90322581,15.38461538,15.38461538
Poland,Migrants male % of population,7.791229104,6.79056431,6.073483921,4.950570076,3.96383564,3.173373982,2.595964479,2.148404047,1.810361441,1.831764039,1.849252809
Portugal,Migrants male % of population,0.381634815,0.632386363,1.097199993,1.754714493,2.683817069,3.419079147,4.330458971,5.287264344,6.32655005,7.396716176,8.779406216
Guinea-Bissau,Migrants male % of population,1.985901666,2.022178293,2.056912616,1.829595106,1.559597701,1.389922621,1.372849667,2.754655677,1.491394845,1.318934485,1.179934497
Timor-Leste,Migrants male % of population,1.519874065,1.473287917,1.419644423,1.358752065,1.331370934,1.25,1.168126168,1.084438322,1.072740244,1.117457853,1.09954257
Puerto Rico,Migrants male % of population,2.761232903,4.376046521,7.012768028,7.737316357,8.464805669,8.622232725,8.976322093,8.944065921,9.030805018,8.872501594,7.996902795
Qatar,Migrants male % of population,41.72588832,58.85308829,70.52148519,76.99225211,84.0530788,86.15998616,87.62876393,86.98596511,87.23447294,81.65943449,85.15266109
Réunion,Migrants male % of population,3.905728443,3.645526471,3.969056641,5.442944702,7.129826204,8.721069441,10.55269593,12.75131428,15.51381109,18.98733847,21.33062767
Romania,Migrants male % of population,1.665616301,1.587153725,1.273762381,1.013200517,0.809429781,0.661351316,0.5418309,0.545425386,0.58524322,0.607175568,0.628035984
Rwanda,Migrants male % of population,0.923388174,0.97586894,0.884894043,0.989963078,0.982899672,1.26945873,0.971802548,5.967045997,4.722213214,4.630427908,4.311458924
slov,Migrants male % of population,2.832980973,3.84283247,4.62474645,5.487804878,6.562847608,7.544483986,8.040565013,8.330149026,8.552108194,9.250535332,9.926470588
Saint Kitts and Nevis,Migrants male % of population,7.674124103,6.862745098,6.54745009,6.352439602,6.269230769,7.248295817,8.421370359,8.961505722,9.453920402,9.994234887,10.44799136
Anguilla,Migrants male % of population,7.741935484,9.929078014,12.61558785,15.74481458,17.93776693,22.76497696,27.69157317,31.53518556,34.67053912,34.63753137,35.55728963
Saint Lucia,Migrants male % of population,2.825890896,2.880773965,2.906733167,2.990826378,3.016293526,3.450998083,3.875307243,4.288644932,4.68140949,5.223281051,5.822175241
Saint Pierre and Miquelon,Migrants male % of population,4.789193614,8.474576271,10.56880734,11.8707483,13.05073431,15.24310118,18.112,22.06257982,24.16559692,19.52099738,18.04209823
Saint Vincent and the Grenadines,Migrants male % of population,3.243998208,2.92371513,2.62954912,2.357714662,2.134177684,2.776691435,3.639835983,4.916366325,5.678512245,6.513026052,7.513005021
San Marino,Migrants male % of population,44.66700689,40.49418933,37.58807311,37.78912586,35.85395237,34.6220981,33.61434829,32.47916504,31.82224207,35.21828693,34.68462717
Sao Tome and Principe,Migrants male % of population,11.14530297,11.3377097,10.11716869,8.903562876,7.605579973,6.417153845,5.292871039,4.672897196,4.152035001,3.711735537,3.334025124
Saudi Arabia,Migrants male % of population,1.952534328,4.130337007,7.962436065,16.34366774,25.19444714,33.02555529,36.81845167,31.87673759,29.8055438,33.94137529,35.48139549
Senegal,Migrants male % of population,6.304423456,5.723199433,4.922416687,3.719775441,2.412185178,2.856130218,3.672202457,3.30927908,2.301895025,1.925568562,1.609518276
Seychelles,Migrants male % of population,2.560855495,3.669762138,5.655605794,5.627209637,5.628749736,6.060515547,6.133979015,6.67070473,9.391291578,11.65949468,14.63105222
Sierra Leone,Migrants male % of population,2.684875393,3.123789529,3.625917621,4.02587527,3.53163825,3.094279848,4.509695631,2.969034382,2.622771645,3.330510002,2.039236177
Singapore,Migrants male % of population,33.75986321,29.33215621,26.13774597,23.54013147,21.65829007,21.95436751,22.61078051,25.95317909,29.73955592,30.77423149,35.5895823
Viet Nam,Migrants male % of population,0.012826328,0.011963577,0.011228571,0.010619341,0.081960272,0.052788249,0.050440869,0.065048135,0.092310309,0.083599361,0.099879766
Somalia,Migrants male % of population,0.473253877,0.446669602,0.415052293,0.382088449,27.52835774,13.31219817,10.19983798,0.304492237,0.287411753,0.274969157,0.266045105
South Africa,Migrants male % of population,7.567616542,6.821162088,6.106296255,5.155940304,4.48102019,7.162815219,4.221038666,3.292279216,2.774181425,3.093833613,4.290160114
Zimbabwe,Migrants male % of population,15.70930523,14.21054756,11.96287939,9.805028061,8.085442238,7.261010658,7.499539982,4.65085119,4.198506849,4.023668346,3.784748739
Spain,Migrants male % of population,0.682521217,0.839052828,1.035167959,1.278522813,1.584029107,1.818725142,2.084916816,2.613750565,4.435100278,11.37927045,14.85430128
Western Sahara,Migrants male % of population,2.606325592,2.15100332,1.831032683,1.95767458,1.447361927,1.338801726,1.260605435,1.196273007,1.107847808,0.966541477,0.895624601
Sudan,Migrants male % of population,2.192317001,1.847496381,1.873360774,1.836458978,3.551988839,5.98308312,4.808635507,3.690806192,2.509627403,1.698444391,1.795134025
Suriname,Migrants male % of population,8.148965517,6.10464238,4.64911006,4.040708013,3.417776334,4.093233901,4.69777866,5.449291379,6.316382362,7.369704893,8.206330598
Swaziland,Migrants male % of population,5.158744246,9.587912823,7.968099238,5.412471899,5.883893222,6.519318444,9.375414336,4.021293757,3.737620861,3.712711833,3.591529191
Sweden,Migrants male % of population,3.557327614,4.796241743,6.458699396,6.923263447,7.314703843,7.581547833,8.920015459,10.02396606,10.85399211,11.84813938,13.52890648
Switzerland,Migrants male % of population,12.92474261,14.73585069,17.23246538,16.89308403,16.70419083,18.7766521,21.11289896,21.52095625,22.38591923,22.91474915,23.90214112
Syrian Arab Republic,Migrants male % of population,6.000459981,5.993661902,5.888633331,5.810045285,5.666787361,5.915081483,5.522740679,5.678019032,5.67436578,7.021540183,9.908926095
Thailand,Migrants male % of population,2.220958296,1.581634368,1.13638892,0.954557244,1.137086524,0.854789556,0.732210438,0.967429366,1.332068969,1.560143676,1.781620804
Togo,Migrants male % of population,6.346207287,6.951877382,6.663388294,5.969037886,5.394398961,4.61843804,4.109329246,3.803489061,3.356917497,3.062356444,2.753006311
Tokelau,Migrants male % of population,5.733944954,7.142857143,10.71428571,12.88590604,15.52631579,19.64529332,18.55146125,18.75843455,17.25955204,20.6557377,20.23217247
Tonga,Migrants male % of population,0.188803387,0.306676103,0.501715351,1.007272423,1.862812665,3.752494153,3.246862276,2.280936726,1.635149722,1.155879107,0.82403531
Trinidad and Tobago,Migrants male % of population,9.707806388,7.724151203,6.110587037,5.896882613,5.533893665,4.529250949,3.903607479,3.4222364,3.039062833,2.713996253,2.418628172
United Arab Emirates,Migrants male % of population,4.084895742,26.37210413,38.57387644,67.47572022,77.52127719,78.55207466,72.9014857,75.23552074,75.3288506,74.39134589,75.68939652
Tunisia,Migrants male % of population,3.891437205,1.550239032,0.968981173,0.630667348,0.563841692,0.505003399,0.455448802,0.419207714,0.382794317,0.3544624,0.326281601
Turkey,Migrants male % of population,3.430897543,2.899567637,1.1161573,0.398630641,1.702784028,1.807576558,2.01089356,1.915743921,1.814309206,1.78987307,1.780364156
Turks and Caicos Islands,Migrants male % of population,3.598774885,5.737082067,9.118198874,12.43260387,17.37938596,27.23449001,44.92359932,35.68400771,30.5381072,19.92195122,19.38634035
Tuvalu,Migrants male % of population,7.28073146,6.302774427,5.733558179,5.272969374,4.900964957,4.432916765,4.242424242,3.39639845,2.714126808,2.193463479,1.773356401
Uganda,Migrants male % of population,13.41762547,13.67802965,12.2811869,8.419203842,6.118534034,4.722204798,3.292442804,3.266719376,2.594812427,2.275722983,1.9114758
USSR (former),Migrants male % of population,1.584494873,1.493098928,1.445095315,1.407108368,1.362794069,1.312099678,9.50592643,8.82016816,8.302620239,8.270270895,8.214452374
Egypt,Migrants male % of population,0.797941885,0.688638542,0.598863446,0.519190015,0.446986461,0.379591814,0.319581991,0.287495431,0.254444034,0.338621204,0.307617095
United Kingdom of Great Britain and Northern Ireland,Migrants male % of population,3.371227223,4.876785886,5.514110993,5.772748329,6.083524501,6.293577748,6.431725536,7.070584986,7.86316477,9.264611127,9.865081342
Channel Islands,Migrants male % of population,30.09474656,34.03148846,38.38452172,38.97751641,39.85841847,28.04651377,27.56655932,38.65298047,41.14573145,44.23386376,47.80679668
Isle of Man,Migrants male % of population,46.12706308,47.21494524,44.59500151,44.26570517,44.37743881,48.95157346,48.48081023,48.55544398,49.97064475,51.15385588,54.48634264
United Republic of Tanzania,Migrants male % of population,5.319348363,4.614379851,4.061433605,4.104462534,3.169579316,2.615127162,2.31229396,3.846334404,2.662760526,2.048801266,1.455132466
United States of America,Migrants male % of population,5.739638337,5.586428777,5.579348253,6.161256434,6.833517748,7.926253541,9.098234931,10.59209163,12.22658929,13.12999332,13.71693997
United States Virgin Islands,Migrants male % of population,37.38387217,40.43695986,51.08460888,45.86394428,47.61955119,46.67849749,49.72408829,50.26776499,51.63142984,53.34024021,55.72703392
Burkina Faso,Migrants male % of population,1.241584415,1.380554097,1.514109327,1.65178271,2.398615007,3.441304563,3.812236396,4.482675377,4.820498244,5.515334703,6.302660415
Uruguay,Migrants male % of population,7.889736085,7.420751639,5.734805775,4.594359759,3.910944982,3.304056083,3.024983576,2.761495026,2.536697844,2.411548316,2.2574939
Venezuela (Bolivarian Republic of),Migrants male % of population,8.188015046,7.135041864,5.923392754,6.01943859,6.639050417,6.087221933,5.196387097,4.610945106,4.150822698,3.770483809,3.451354215
Wallis and Futuna Islands,Migrants male % of population,0.423230661,0.747581354,1.436182534,2.383993189,3.529614325,5.339598462,9.936361007,12.05211726,13.81614839,15.93912695,18.20768137
Samoa,Migrants male % of population,3.325858821,2.866405848,2.53962511,2.650141995,2.941435602,1.583599313,2.055651271,2.839307519,3.410550609,4.234650064,5.327055694
Yemen,Migrants male % of population,3.7264091,3.736677858,3.802734552,3.846576934,3.829924852,3.34978815,3.416879286,2.962680841,2.770878493,2.641133349,2.607421778
Socialist Federal Republic of Yugoslavia (former),Migrants male % of population,0.753462258,0.707076636,0.684279287,0.84310029,1.084695328,1.411433451,3.773766874,8.257382275,7.625004754,7.049940307,6.547778762
Zambia,Migrants male % of population,12.64253639,9.794582077,7.784804277,6.420761828,5.09816859,4.340090606,3.656043488,3.05865339,3.495225259,2.489031557,1.775627139