geo,central_bank_discount_rate_annual_percent,time
alb,40,1992
alb,34,1993
alb,25,1994
alb,21,1995
alb,24,1996
alb,32,1997
alb,23,1998
alb,18,1999
alb,11,2000
alb,7,2001
alb,9,2002
alb,7,2003
alb,5,2004
alb,5,2005
alb,6,2006
dza,3,1974
dza,3,1975
dza,3,1976
dza,3,1977
dza,3,1978
dza,3,1979
dza,3,1980
dza,3,1981
dza,3,1982
dza,3,1983
dza,3,1984
dza,3,1985
dza,5,1986
dza,5,1987
dza,5,1988
dza,7,1989
dza,11,1990
dza,12,1991
dza,12,1992
dza,12,1993
dza,21,1994
dza,14,1995
dza,13,1996
dza,11,1997
dza,10,1998
dza,9,1999
dza,6,2000
dza,6,2001
dza,6,2002
dza,5,2003
dza,4,2004
dza,4,2005
dza,4,2006
ago,160,1995
ago,2,1996
ago,48,1997
ago,58,1998
ago,120,1999
ago,150,2000
ago,150,2001
ago,150,2002
ago,150,2003
ago,95,2004
ago,95,2005
ago,14,2006
aia,9,1994
aia,9,1995
aia,9,1996
aia,8,1997
aia,8,1998
aia,8,1999
aia,8,2000
aia,7,2001
aia,7,2002
aia,7,2003
aia,7,2004
aia,7,2005
aia,7,2006
atg,9,1994
atg,9,1995
atg,9,1996
atg,8,1997
atg,8,1998
atg,8,1999
atg,8,2000
atg,7,2001
atg,7,2002
atg,7,2003
atg,7,2004
atg,7,2005
atg,7,2006
arm,30,1992
arm,210,1993
arm,210,1994
arm,78,1995
arm,26,1996
arm,65,1997
abw,10,1986
abw,10,1987
abw,10,1988
abw,10,1989
abw,10,1990
abw,10,1991
abw,10,1992
abw,10,1993
abw,10,1994
abw,10,1995
abw,10,1996
abw,10,1997
abw,10,1998
abw,7,1999
abw,7,2000
abw,7,2001
abw,7,2002
abw,5,2003
abw,5,2004
abw,5,2005
abw,5,2006
aus,6,1970
aus,6,1971
aus,5,1972
aus,6,1973
aus,10,1974
aus,9,1975
aus,9,1976
aus,10,1977
aus,9,1978
aus,10,1979
aus,11,1980
aus,14,1981
aus,16,1982
aus,12,1983
aus,12,1984
aus,16,1985
aus,17,1986
aus,15,1987
aus,13,1988
aus,17,1989
aus,15,1990
aus,11,1991
aus,7,1992
aus,6,1993
aus,6,1994
aus,6,1995
aut,4,1948
aut,4,1949
aut,4,1950
aut,5,1951
aut,6,1952
aut,4,1953
aut,4,1954
aut,5,1955
aut,5,1956
aut,5,1957
aut,5,1958
aut,5,1959
aut,5,1960
aut,5,1961
aut,5,1962
aut,5,1963
aut,5,1964
aut,5,1965
aut,5,1966
aut,4,1967
aut,4,1968
aut,5,1969
aut,5,1970
aut,5,1971
aut,6,1972
aut,6,1973
aut,7,1974
aut,6,1975
aut,4,1976
aut,6,1977
aut,5,1978
aut,4,1979
aut,7,1980
aut,7,1981
aut,5,1982
aut,4,1983
aut,5,1984
aut,4,1985
aut,4,1986
aut,3,1987
aut,4,1988
aut,7,1989
aut,7,1990
aut,8,1991
aut,8,1992
aut,5,1993
aut,5,1994
aut,3,1995
aut,3,1996
aut,3,1997
aut,3,1998
aze,12,1992
aze,100,1993
aze,200,1994
aze,80,1995
aze,20,1996
aze,12,1997
aze,14,1998
aze,10,1999
aze,10,2000
aze,10,2001
aze,7,2002
aze,7,2003
aze,7,2004
aze,9,2005
aze,10,2006
bhs,10,1970
bhs,10,1971
bhs,10,1972
bhs,10,1973
bhs,10,1974
bhs,10,1975
bhs,10,1976
bhs,10,1977
bhs,10,1978
bhs,9,1979
bhs,11,1980
bhs,9,1981
bhs,10,1982
bhs,9,1983
bhs,10,1984
bhs,9,1985
bhs,8,1986
bhs,8,1987
bhs,9,1988
bhs,9,1989
bhs,9,1990
bhs,9,1991
bhs,8,1992
bhs,7,1993
bhs,7,1994
bhs,7,1995
bhs,7,1996
bhs,7,1997
bhs,7,1998
bhs,6,1999
bhs,6,2000
bhs,6,2001
bhs,6,2002
bhs,6,2003
bhs,6,2004
bhs,5,2005
bhs,5,2006
bgd,5,1971
bgd,5,1972
bgd,5,1973
bgd,8,1974
bgd,8,1975
bgd,8,1976
bgd,8,1977
bgd,8,1978
bgd,8,1979
bgd,11,1980
bgd,11,1981
bgd,11,1982
bgd,11,1983
bgd,11,1984
bgd,11,1985
bgd,11,1986
bgd,11,1987
bgd,11,1988
bgd,11,1989
bgd,10,1990
bgd,9,1991
bgd,9,1992
bgd,6,1993
bgd,6,1994
bgd,6,1995
bgd,7,1996
bgd,8,1997
bgd,8,1998
bgd,7,1999
bgd,7,2000
bgd,6,2001
bgd,6,2002
bgd,5,2003
bgd,5,2004
bgd,5,2005
bgd,5,2006
brb,6,1977
brb,6,1978
brb,6,1979
brb,7,1980
brb,22,1981
brb,20,1982
brb,16,1983
brb,16,1984
brb,13,1985
brb,8,1986
brb,8,1987
brb,8,1988
brb,14,1989
brb,14,1990
brb,18,1991
brb,12,1992
brb,8,1993
brb,10,1994
brb,13,1995
brb,13,1996
brb,9,1997
brb,9,1998
brb,10,1999
brb,10,2000
brb,8,2001
brb,8,2002
brb,8,2003
brb,8,2004
brb,10,2005
brb,12,2006
blr,30,1992
blr,210,1993
blr,480,1994
blr,66,1995
blr,8,1996
blr,9,1997
blr,10,1998
blr,23,1999
blr,80,2000
blr,48,2001
blr,38,2002
blr,28,2003
blr,17,2004
blr,11,2005
blr,10,2006
bel,4,1948
bel,3,1949
bel,4,1950
bel,3,1951
bel,3,1952
bel,3,1953
bel,3,1954
bel,3,1955
bel,4,1956
bel,5,1957
bel,4,1958
bel,4,1959
bel,5,1960
bel,5,1961
bel,4,1962
bel,4,1963
bel,5,1964
bel,5,1965
bel,5,1966
bel,4,1967
bel,5,1968
bel,8,1969
bel,7,1970
bel,6,1971
bel,5,1972
bel,8,1973
bel,9,1974
bel,6,1975
bel,9,1976
bel,9,1977
bel,6,1978
bel,11,1979
bel,12,1980
bel,15,1981
bel,12,1982
bel,10,1983
bel,11,1984
bel,10,1985
bel,8,1986
bel,7,1987
bel,8,1988
bel,10,1989
bel,11,1990
bel,9,1991
bel,8,1992
bel,5,1993
bel,5,1994
bel,3,1995
bel,3,1996
bel,3,1997
bel,3,1998
blz,7,1977
blz,8,1978
blz,10,1979
blz,14,1980
blz,15,1981
blz,14,1982
blz,12,1983
blz,12,1984
blz,20,1985
blz,12,1986
blz,12,1987
blz,10,1988
blz,12,1989
blz,12,1990
blz,12,1991
blz,12,1992
blz,12,1993
blz,12,1994
blz,12,1995
blz,12,1996
blz,12,1997
blz,12,1998
blz,12,1999
blz,12,2000
blz,12,2001
blz,12,2002
blz,12,2003
blz,12,2004
blz,12,2005
blz,12,2006
ben,4,1958
ben,4,1959
ben,4,1960
ben,4,1961
ben,4,1962
ben,4,1963
ben,4,1964
ben,4,1965
ben,4,1966
ben,4,1967
ben,4,1968
ben,4,1969
ben,4,1970
ben,4,1971
ben,4,1972
ben,6,1973
ben,6,1974
ben,8,1975
ben,8,1976
ben,8,1977
ben,8,1978
ben,8,1979
ben,11,1980
ben,11,1981
ben,13,1982
ben,11,1983
ben,11,1984
ben,11,1985
ben,9,1986
ben,9,1987
ben,10,1988
ben,11,1989
ben,11,1990
ben,11,1991
ben,13,1992
ben,6,1993
ben,6,1994
ben,6,1995
ben,6,1996
ben,6,1997
ben,6,1998
ben,6,1999
ben,6,2000
ben,6,2001
ben,6,2002
ben,5,2003
ben,4,2004
ben,4,2005
ben,4,2006
bol,19,1957
bol,19,1958
bol,19,1959
bol,19,1960
bol,19,1961
bol,19,1962
bol,15,1963
bol,16,1964
bol,16,1965
bol,16,1966
bol,16,1967
bol,16,1968
bol,16,1969
bol,12,1970
bol,13,1971
bol,11,1972
bol,11,1973
bol,13,1974
bol,13,1975
bol,13,1976
bol,13,1977
bol,13,1978
bol,18,1979
bol,20,1980
bol,26,1981
bol,37,1982
bol,61,1983
bol,149,1984
bol,17,1996
bol,13,1997
bol,14,1998
bol,13,1999
bol,10,2000
bol,9,2001
bol,13,2002
bol,8,2003
bol,6,2004
bol,5,2005
bol,5,2006
bwa,8,1976
bwa,8,1977
bwa,7,1978
bwa,6,1979
bwa,6,1980
bwa,9,1981
bwa,12,1982
bwa,11,1983
bwa,9,1984
bwa,9,1985
bwa,9,1986
bwa,9,1987
bwa,7,1988
bwa,7,1989
bwa,9,1990
bwa,12,1991
bwa,14,1992
bwa,14,1993
bwa,14,1994
bwa,13,1995
bwa,13,1996
bwa,12,1997
bwa,13,1998
bwa,14,1999
bwa,14,2000
bwa,14,2001
bwa,15,2002
bwa,14,2003
bwa,14,2004
bwa,15,2005
bwa,15,2006
bra,25,1996
bra,45,1997
bra,39,1998
bra,21,1999
bra,19,2000
bra,21,2001
bra,30,2002
bra,24,2003
bra,25,2004
bra,25,2005
bra,20,2006
bgr,54,1991
bgr,41,1992
bgr,52,1993
bgr,72,1994
bgr,34,1995
bgr,180,1996
bgr,7,1997
bgr,5,1998
bgr,4,1999
bgr,5,2000
bgr,5,2001
bgr,3,2002
bgr,3,2003
bgr,2,2004
bgr,2,2005
bgr,3,2006
bfa,4,1958
bfa,4,1959
bfa,4,1960
bfa,4,1961
bfa,4,1962
bfa,4,1963
bfa,4,1964
bfa,4,1965
bfa,4,1966
bfa,4,1967
bfa,4,1968
bfa,4,1969
bfa,4,1970
bfa,4,1971
bfa,4,1972
bfa,6,1973
bfa,6,1974
bfa,8,1975
bfa,8,1976
bfa,8,1977
bfa,8,1978
bfa,8,1979
bfa,11,1980
bfa,11,1981
bfa,13,1982
bfa,11,1983
bfa,11,1984
bfa,11,1985
bfa,9,1986
bfa,9,1987
bfa,10,1988
bfa,11,1989
bfa,11,1990
bfa,11,1991
bfa,13,1992
bfa,6,1993
bfa,6,1994
bfa,6,1995
bfa,6,1996
bfa,6,1997
bfa,6,1998
bfa,6,1999
bfa,6,2000
bfa,6,2001
bfa,6,2002
bfa,5,2003
bfa,4,2004
bfa,4,2005
bfa,4,2006
bdi,6,1974
bdi,6,1975
bdi,6,1976
bdi,6,1977
bdi,6,1978
bdi,7,1979
bdi,7,1980
bdi,7,1981
bdi,7,1982
bdi,7,1983
bdi,7,1984
bdi,7,1985
bdi,5,1986
bdi,7,1987
bdi,7,1988
bdi,7,1989
bdi,9,1990
bdi,10,1991
bdi,11,1992
bdi,10,1993
bdi,10,1994
bdi,10,1995
bdi,10,1996
bdi,12,1997
bdi,12,1998
bdi,12,1999
bdi,14,2000
bdi,14,2001
bdi,16,2002
bdi,15,2003
bdi,15,2004
bdi,15,2005
bdi,11,2006
cmr,5,1968
cmr,5,1969
cmr,5,1970
cmr,5,1971
cmr,5,1972
cmr,5,1973
cmr,6,1974
cmr,6,1975
cmr,7,1976
cmr,7,1977
cmr,7,1978
cmr,9,1979
cmr,9,1980
cmr,9,1981
cmr,9,1982
cmr,9,1983
cmr,9,1984
cmr,9,1985
cmr,8,1986
cmr,8,1987
cmr,10,1988
cmr,10,1989
cmr,11,1990
cmr,11,1991
cmr,12,1992
cmr,12,1993
cmr,8,1994
cmr,9,1995
cmr,8,1996
cmr,8,1997
cmr,7,1998
cmr,7,1999
cmr,7,2000
cmr,7,2001
cmr,6,2002
cmr,6,2003
cmr,6,2004
cmr,6,2005
cmr,5,2006
can,2,1948
can,2,1949
can,2,1950
can,2,1951
can,2,1952
can,2,1953
can,2,1954
can,3,1955
can,4,1956
can,4,1957
can,4,1958
can,5,1959
can,4,1960
can,3,1961
can,4,1962
can,4,1963
can,4,1964
can,5,1965
can,5,1966
can,6,1967
can,7,1968
can,8,1969
can,6,1970
can,5,1971
can,5,1972
can,7,1973
can,9,1974
can,9,1975
can,9,1976
can,8,1977
can,11,1978
can,14,1979
can,17,1980
can,15,1981
can,10,1982
can,10,1983
can,10,1984
can,9,1985
can,8,1986
can,9,1987
can,11,1988
can,12,1989
can,12,1990
can,8,1991
can,7,1992
can,4,1993
can,7,1994
can,6,1995
can,3,1996
can,5,1997
can,5,1998
can,5,1999
can,6,2000
can,3,2001
can,3,2002
can,3,2003
can,3,2004
can,4,2005
can,5,2006
cpv,12,2001
cpv,10,2002
cpv,9,2003
cpv,9,2004
cpv,9,2005
cpv,9,2006
caf,5,1968
caf,5,1969
caf,5,1970
caf,5,1971
caf,5,1972
caf,5,1973
caf,6,1974
caf,6,1975
caf,7,1976
caf,7,1977
caf,7,1978
caf,9,1979
caf,9,1980
caf,9,1981
caf,9,1982
caf,9,1983
caf,9,1984
caf,9,1985
caf,8,1986
caf,8,1987
caf,10,1988
caf,10,1989
caf,11,1990
caf,11,1991
caf,12,1992
caf,12,1993
caf,8,1994
caf,9,1995
caf,8,1996
caf,8,1997
caf,7,1998
caf,8,1999
caf,7,2000
caf,7,2001
caf,6,2002
caf,6,2003
caf,6,2004
caf,6,2005
caf,5,2006
tcd,5,1968
tcd,5,1969
tcd,5,1970
tcd,5,1971
tcd,5,1972
tcd,5,1973
tcd,6,1974
tcd,6,1975
tcd,7,1976
tcd,7,1977
tcd,7,1978
tcd,9,1979
tcd,9,1980
tcd,9,1981
tcd,9,1982
tcd,9,1983
tcd,9,1984
tcd,9,1985
tcd,8,1986
tcd,8,1987
tcd,10,1988
tcd,10,1989
tcd,11,1990
tcd,11,1991
tcd,12,1992
tcd,12,1993
tcd,8,1994
tcd,9,1995
tcd,8,1996
tcd,8,1997
tcd,7,1998
tcd,8,1999
tcd,7,2000
tcd,7,2001
tcd,6,2002
tcd,6,2003
tcd,6,2004
tcd,6,2005
tcd,5,2006
chl,8,1993
chl,14,1994
chl,8,1995
chl,12,1996
chl,8,1997
chl,9,1998
chl,7,1999
chl,9,2000
chl,7,2001
chl,3,2002
chl,2,2003
chl,2,2004
chl,5,2005
chl,5,2006
chn,8,1990
chn,7,1991
chn,7,1992
chn,10,1993
chn,10,1994
chn,10,1995
chn,9,1996
chn,9,1997
chn,5,1998
chn,3,1999
chn,3,2000
chn,3,2001
chn,3,2002
chn,3,2003
chn,3,2004
chn,3,2005
chn,3,2006
hkg,4,1992
hkg,4,1993
hkg,6,1994
hkg,6,1995
hkg,6,1996
hkg,7,1997
hkg,6,1998
hkg,7,1999
hkg,8,2000
hkg,3,2001
hkg,3,2002
hkg,3,2003
hkg,4,2004
hkg,6,2005
hkg,7,2006
col,4,1948
col,4,1949
col,4,1950
col,4,1951
col,4,1952
col,4,1953
col,4,1954
col,4,1955
col,4,1956
col,4,1957
col,5,1958
col,5,1959
col,5,1960
col,5,1961
col,5,1962
col,8,1963
col,8,1964
col,8,1965
col,8,1966
col,8,1967
col,8,1968
col,8,1969
col,14,1970
col,14,1971
col,14,1972
col,14,1973
col,16,1974
col,16,1975
col,20,1976
col,20,1977
col,22,1978
col,30,1979
col,30,1980
col,30,1981
col,27,1982
col,27,1983
col,27,1984
col,27,1985
col,34,1986
col,35,1987
col,34,1988
col,37,1989
col,46,1990
col,45,1991
col,34,1992
col,33,1993
col,45,1994
col,40,1995
col,35,1996
col,31,1997
col,42,1998
col,23,1999
col,18,2000
col,13,2001
col,10,2002
col,12,2003
col,11,2004
col,11,2005
col,11,2006
com,10,1983
com,10,1984
com,10,1985
com,10,1986
com,9,1987
com,9,1988
com,6,1999
com,6,2000
com,6,2001
com,5,2002
com,4,2003
com,4,2004
com,4,2005
com,4,2006
cog,5,1968
cog,5,1969
cog,5,1970
cog,5,1971
cog,5,1972
cog,5,1973
cog,6,1974
cog,6,1975
cog,7,1976
cog,7,1977
cog,7,1978
cog,9,1979
cog,9,1980
cog,9,1981
cog,9,1982
cog,9,1983
cog,9,1984
cog,9,1985
cog,8,1986
cog,8,1987
cog,10,1988
cog,10,1989
cog,11,1990
cog,11,1991
cog,12,1992
cog,12,1993
cog,8,1994
cog,9,1995
cog,8,1996
cog,8,1997
cog,7,1998
cog,8,1999
cog,7,2000
cog,7,2001
cog,6,2002
cog,6,2003
cog,6,2004
cog,6,2005
cog,5,2006
cri,4,1950
cri,4,1951
cri,4,1952
cri,4,1953
cri,5,1954
cri,5,1955
cri,5,1956
cri,5,1957
cri,5,1958
cri,5,1959
cri,5,1960
cri,5,1961
cri,5,1962
cri,5,1963
cri,5,1964
cri,4,1965
cri,5,1966
cri,5,1967
cri,5,1968
cri,5,1969
cri,5,1970
cri,5,1971
cri,5,1972
cri,5,1973
cri,7,1974
cri,7,1975
cri,8,1976
cri,8,1977
cri,15,1978
cri,15,1979
cri,24,1980
cri,24,1981
cri,30,1982
cri,30,1983
cri,28,1984
cri,28,1985
cri,28,1986
cri,31,1987
cri,32,1988
cri,32,1989
cri,38,1990
cri,43,1991
cri,29,1992
cri,35,1993
cri,38,1994
cri,39,1995
cri,35,1996
cri,31,1997
cri,37,1998
cri,34,1999
cri,32,2000
cri,29,2001
cri,31,2002
cri,26,2003
cri,26,2004
cri,27,2005
cri,25,2006
civ,4,1960
civ,4,1961
civ,4,1962
civ,4,1963
civ,4,1964
civ,4,1965
civ,4,1966
civ,4,1967
civ,4,1968
civ,4,1969
civ,4,1970
civ,4,1971
civ,4,1972
civ,6,1973
civ,6,1974
civ,8,1975
civ,8,1976
civ,8,1977
civ,8,1978
civ,8,1979
civ,11,1980
civ,11,1981
civ,13,1982
civ,11,1983
civ,11,1984
civ,11,1985
civ,9,1986
civ,9,1987
civ,10,1988
civ,11,1989
civ,11,1990
civ,11,1991
civ,13,1992
civ,6,1993
civ,6,1994
civ,6,1995
civ,6,1996
civ,6,1997
civ,6,1998
civ,6,1999
civ,6,2000
civ,6,2001
civ,6,2002
civ,5,2003
civ,4,2004
civ,4,2005
civ,4,2006
hrv,1889,1992
hrv,34,1993
hrv,9,1994
hrv,9,1995
hrv,7,1996
hrv,6,1997
hrv,6,1998
hrv,8,1999
hrv,6,2000
hrv,6,2001
hrv,5,2002
hrv,5,2003
hrv,5,2004
hrv,5,2005
hrv,5,2006
cyp,6,1969
cyp,6,1970
cyp,6,1971
cyp,6,1972
cyp,6,1973
cyp,6,1974
cyp,6,1975
cyp,6,1976
cyp,6,1977
cyp,6,1978
cyp,6,1979
cyp,6,1980
cyp,6,1981
cyp,6,1982
cyp,6,1983
cyp,6,1984
cyp,6,1985
cyp,6,1986
cyp,6,1987
cyp,6,1988
cyp,7,1989
cyp,7,1990
cyp,7,1991
cyp,7,1992
cyp,7,1993
cyp,7,1994
cyp,7,1995
cyp,8,1996
cyp,7,1997
cyp,7,1998
cyp,7,1999
cyp,7,2000
cyp,6,2001
cyp,5,2002
cyp,5,2003
cyp,6,2004
cyp,4,2005
cyp,5,2006
cze,8,1993
cze,9,1994
cze,11,1995
cze,12,1996
cze,15,1997
cze,10,1998
cze,5,1999
cze,5,2000
cze,5,2001
cze,3,2002
cze,2,2003
cze,3,2004
cze,2,2005
cze,3,2006
cod,12,1978
cod,12,1979
cod,12,1980
cod,12,1981
cod,15,1982
cod,20,1983
cod,20,1984
cod,26,1985
cod,26,1986
cod,29,1987
cod,37,1988
cod,50,1989
cod,45,1990
cod,55,1991
cod,55,1992
cod,95,1993
cod,145,1994
cod,125,1995
cod,238,1996
cod,13,1997
cod,22,1998
cod,120,1999
cod,120,2000
cod,140,2001
cod,24,2002
cod,8,2003
dnk,3,1948
dnk,3,1949
dnk,5,1950
dnk,5,1951
dnk,5,1952
dnk,4,1953
dnk,5,1954
dnk,6,1955
dnk,6,1956
dnk,6,1957
dnk,5,1958
dnk,5,1959
dnk,6,1960
dnk,7,1961
dnk,7,1962
dnk,6,1963
dnk,7,1964
dnk,7,1965
dnk,7,1966
dnk,8,1967
dnk,6,1968
dnk,9,1969
dnk,9,1970
dnk,8,1971
dnk,7,1972
dnk,9,1973
dnk,10,1974
dnk,8,1975
dnk,10,1976
dnk,9,1977
dnk,8,1978
dnk,11,1979
dnk,11,1980
dnk,11,1981
dnk,10,1982
dnk,7,1983
dnk,7,1984
dnk,7,1985
dnk,7,1986
dnk,7,1987
dnk,7,1988
dnk,7,1989
dnk,9,1990
dnk,10,1991
dnk,10,1992
dnk,6,1993
dnk,5,1994
dnk,4,1995
dnk,3,1996
dnk,4,1997
dnk,4,1998
dnk,3,1999
dnk,5,2000
dnk,3,2001
dnk,3,2002
dnk,2,2003
dnk,2,2004
dnk,2,2005
dnk,4,2006
dma,9,1994
dma,9,1995
dma,9,1996
dma,8,1997
dma,8,1998
dma,8,1999
dma,8,2000
dma,7,2001
dma,7,2002
dma,7,2003
dma,7,2004
dma,7,2005
dma,7,2006
ecu,8,1970
ecu,8,1971
ecu,8,1972
ecu,8,1973
ecu,8,1974
ecu,8,1975
ecu,8,1976
ecu,8,1977
ecu,8,1978
ecu,8,1979
ecu,8,1980
ecu,15,1981
ecu,15,1982
ecu,19,1983
ecu,23,1984
ecu,23,1985
ecu,23,1986
ecu,23,1987
ecu,23,1988
ecu,32,1989
ecu,35,1990
ecu,49,1991
ecu,49,1992
ecu,34,1993
ecu,45,1994
ecu,59,1995
ecu,46,1996
ecu,37,1997
ecu,62,1998
ecu,64,1999
ecu,13,2000
ecu,16,2001
ecu,15,2002
ecu,11,2003
ecu,10,2004
ecu,10,2005
ecu,9,2006
egy,3,1951
egy,3,1952
egy,3,1953
egy,3,1954
egy,3,1955
egy,3,1956
egy,3,1957
egy,3,1958
egy,3,1959
egy,3,1960
egy,3,1961
egy,5,1962
egy,5,1963
egy,5,1964
egy,5,1965
egy,5,1966
egy,5,1967
egy,5,1968
egy,5,1969
egy,5,1970
egy,5,1971
egy,5,1972
egy,5,1973
egy,5,1974
egy,5,1975
egy,6,1976
egy,7,1977
egy,8,1978
egy,9,1979
egy,11,1980
egy,12,1981
egy,13,1982
egy,13,1983
egy,13,1984
egy,13,1985
egy,13,1986
egy,13,1987
egy,13,1988
egy,14,1989
egy,14,1990
egy,20,1991
egy,18,1992
egy,17,1993
egy,14,1994
egy,14,1995
egy,13,1996
egy,12,1997
egy,12,1998
egy,12,1999
egy,12,2000
egy,11,2001
egy,10,2002
egy,10,2003
egy,10,2004
egy,10,2005
egy,9,2006
gnq,9,1985
gnq,8,1986
gnq,8,1987
gnq,10,1988
gnq,10,1989
gnq,11,1990
gnq,11,1991
gnq,12,1992
gnq,12,1993
gnq,8,1994
gnq,9,1995
gnq,8,1996
gnq,8,1997
gnq,7,1998
gnq,8,1999
gnq,7,2000
gnq,7,2001
gnq,6,2002
gnq,6,2003
gnq,6,2004
gnq,6,2005
gnq,5,2006
eth,6,1985
eth,6,1986
eth,3,1987
eth,3,1988
eth,3,1989
eth,3,1990
eth,3,1991
eth,5,1992
eth,12,1993
eth,12,1994
eth,12,1995
fji,6,1974
fji,6,1975
fji,6,1976
fji,6,1977
fji,6,1978
fji,7,1979
fji,8,1980
fji,9,1981
fji,10,1982
fji,10,1983
fji,11,1984
fji,11,1985
fji,8,1986
fji,11,1987
fji,11,1988
fji,8,1989
fji,8,1990
fji,8,1991
fji,6,1992
fji,6,1993
fji,6,1994
fji,6,1995
fji,6,1996
fji,2,1997
fji,3,1998
fji,3,1999
fji,8,2000
fji,2,2001
fji,2,2002
fji,2,2003
fji,2,2004
fji,3,2005
fji,5,2006
fin,7,1948
fin,6,1949
fin,8,1950
fin,6,1951
fin,6,1952
fin,6,1953
fin,6,1954
fin,6,1955
fin,8,1956
fin,8,1957
fin,7,1958
fin,7,1959
fin,7,1960
fin,7,1961
fin,7,1962
fin,7,1963
fin,7,1964
fin,7,1965
fin,7,1966
fin,7,1967
fin,7,1968
fin,7,1969
fin,7,1970
fin,9,1971
fin,8,1972
fin,9,1973
fin,9,1974
fin,9,1975
fin,9,1976
fin,8,1977
fin,7,1978
fin,9,1979
fin,9,1980
fin,9,1981
fin,9,1982
fin,10,1983
fin,10,1984
fin,9,1985
fin,7,1986
fin,7,1987
fin,8,1988
fin,9,1989
fin,9,1990
fin,9,1991
fin,10,1992
fin,6,1993
fin,5,1994
fin,5,1995
fin,4,1996
fin,4,1997
fin,4,1998
gab,5,1968
gab,5,1969
gab,5,1970
gab,5,1971
gab,5,1972
gab,5,1973
gab,6,1974
gab,6,1975
gab,7,1976
gab,7,1977
gab,7,1978
gab,9,1979
gab,9,1980
gab,9,1981
gab,9,1982
gab,9,1983
gab,9,1984
gab,9,1985
gab,8,1986
gab,8,1987
gab,10,1988
gab,10,1989
gab,11,1990
gab,11,1991
gab,12,1992
gab,12,1993
gab,8,1994
gab,9,1995
gab,8,1996
gab,8,1997
gab,7,1998
gab,8,1999
gab,7,2000
gab,7,2001
gab,6,2002
gab,6,2003
gab,6,2004
gab,6,2005
gab,5,2006
gmb,6,1974
gmb,6,1975
gmb,6,1976
gmb,6,1977
gmb,6,1978
gmb,6,1979
gmb,8,1980
gmb,10,1981
gmb,10,1982
gmb,10,1983
gmb,10,1984
gmb,15,1985
gmb,20,1986
gmb,21,1987
gmb,19,1988
gmb,15,1989
gmb,17,1990
gmb,16,1991
gmb,18,1992
gmb,14,1993
gmb,14,1994
gmb,14,1995
gmb,14,1996
gmb,14,1997
gmb,12,1998
gmb,11,1999
gmb,10,2000
gmb,13,2001
gmb,18,2002
gmb,29,2003
gmb,28,2004
gmb,14,2005
gmb,9,2006
deu,5,1948
deu,4,1949
deu,6,1950
deu,6,1951
deu,5,1952
deu,4,1953
deu,3,1954
deu,4,1955
deu,5,1956
deu,4,1957
deu,3,1958
deu,4,1959
deu,4,1960
deu,3,1961
deu,3,1962
deu,3,1963
deu,3,1964
deu,4,1965
deu,5,1966
deu,3,1967
deu,3,1968
deu,6,1969
deu,6,1970
deu,4,1971
deu,5,1972
deu,7,1973
deu,6,1974
deu,4,1975
deu,4,1976
deu,3,1977
deu,3,1978
deu,6,1979
deu,8,1980
deu,8,1981
deu,5,1982
deu,4,1983
deu,5,1984
deu,4,1985
deu,4,1986
deu,3,1987
deu,4,1988
deu,6,1989
deu,6,1990
deu,8,1991
deu,8,1992
deu,6,1993
deu,5,1994
deu,3,1995
deu,3,1996
deu,3,1997
deu,3,1998
gha,4,1960
gha,5,1961
gha,5,1962
gha,5,1963
gha,5,1964
gha,5,1965
gha,7,1966
gha,6,1967
gha,6,1968
gha,6,1969
gha,6,1970
gha,8,1971
gha,8,1972
gha,6,1973
gha,6,1974
gha,8,1975
gha,8,1976
gha,8,1977
gha,14,1978
gha,14,1979
gha,14,1980
gha,20,1981
gha,11,1982
gha,15,1983
gha,18,1984
gha,19,1985
gha,21,1986
gha,24,1987
gha,26,1988
gha,26,1989
gha,33,1990
gha,20,1991
gha,30,1992
gha,35,1993
gha,33,1994
gha,45,1995
gha,45,1996
gha,45,1997
gha,37,1998
gha,27,1999
gha,27,2000
gha,27,2001
gha,25,2002
gha,22,2003
gha,19,2004
gha,16,2005
gha,13,2006
grc,12,1948
grc,12,1949
grc,12,1950
grc,12,1951
grc,12,1952
grc,12,1953
grc,10,1954
grc,9,1955
grc,11,1956
grc,11,1957
grc,11,1958
grc,9,1959
grc,6,1960
grc,6,1961
grc,6,1962
grc,6,1963
grc,6,1964
grc,6,1965
grc,6,1966
grc,5,1967
grc,5,1968
grc,7,1969
grc,7,1970
grc,7,1971
grc,7,1972
grc,9,1973
grc,8,1974
grc,10,1975
grc,10,1976
grc,11,1977
grc,14,1978
grc,19,1979
grc,21,1980
grc,21,1981
grc,21,1982
grc,21,1983
grc,21,1984
grc,21,1985
grc,21,1986
grc,21,1987
grc,19,1988
grc,19,1989
grc,19,1990
grc,19,1991
grc,19,1992
grc,22,1993
grc,21,1994
grc,18,1995
grc,17,1996
grc,15,1997
grc,12,1999
grc,8,2000
grd,9,1994
grd,9,1995
grd,9,1996
grd,8,1997
grd,8,1998
grd,8,1999
grd,8,2000
grd,7,2001
grd,7,2002
grd,7,2003
grd,7,2004
grd,7,2005
grd,7,2006
gtm,4,1957
gtm,4,1958
gtm,4,1959
gtm,4,1960
gtm,4,1961
gtm,4,1962
gtm,4,1963
gtm,4,1964
gtm,4,1965
gtm,4,1966
gtm,4,1967
gtm,4,1968
gtm,4,1969
gtm,4,1970
gtm,4,1971
gtm,4,1972
gtm,4,1973
gtm,5,1974
gtm,5,1975
gtm,5,1976
gtm,7,1977
gtm,5,1978
gtm,9,1979
gtm,8,1980
gtm,12,1981
gtm,9,1982
gtm,9,1983
gtm,9,1984
gtm,9,1985
gtm,9,1986
gtm,9,1987
gtm,9,1988
gtm,13,1989
gtm,19,1990
gtm,17,1991
gin,9,1986
gin,10,1987
gin,10,1988
gin,13,1989
gin,15,1990
gin,19,1991
gin,19,1992
gin,17,1993
gin,17,1994
gin,18,1995
gin,18,1996
gin,15,1997
gin,12,2000
gin,16,2001
gin,16,2002
gin,16,2003
gin,16,2004
gin,22,2005
gnb,42,1990
gnb,42,1991
gnb,46,1992
gnb,6,1993
gnb,6,1994
gnb,6,1995
gnb,6,1996
gnb,6,1997
gnb,6,1998
gnb,6,1999
gnb,6,2000
gnb,6,2001
gnb,6,2002
gnb,5,2003
gnb,4,2004
gnb,4,2005
gnb,4,2006
guy,6,1966
guy,7,1967
guy,7,1968
guy,7,1969
guy,7,1970
guy,7,1971
guy,7,1972
guy,7,1973
guy,7,1974
guy,7,1975
guy,7,1976
guy,7,1977
guy,9,1978
guy,11,1979
guy,13,1980
guy,13,1981
guy,14,1982
guy,14,1983
guy,14,1984
guy,14,1985
guy,14,1986
guy,14,1987
guy,14,1988
guy,35,1989
guy,30,1990
guy,33,1991
guy,24,1992
guy,17,1993
guy,20,1994
guy,17,1995
guy,12,1996
guy,11,1997
guy,11,1998
guy,13,1999
guy,12,2000
guy,9,2001
guy,6,2002
guy,6,2003
guy,6,2004
guy,6,2005
guy,7,2006
hnd,13,1978
hnd,14,1979
hnd,16,1980
hnd,16,1981
hnd,24,1982
hnd,24,1983
hnd,24,1984
hnd,24,1985
hnd,24,1986
hnd,24,1987
hnd,24,1988
hnd,24,1989
hnd,28,1990
hnd,30,1991
hnd,26,1992
hun,12,1985
hun,11,1986
hun,11,1987
hun,14,1988
hun,17,1989
hun,22,1990
hun,22,1991
hun,21,1992
hun,22,1993
hun,25,1994
hun,28,1995
hun,23,1996
hun,21,1997
hun,17,1998
hun,15,1999
hun,11,2000
hun,10,2001
hun,9,2002
hun,13,2003
hun,10,2004
hun,6,2005
hun,8,2006
isl,4,1948
isl,4,1949
isl,4,1950
isl,5,1951
isl,5,1952
isl,5,1953
isl,5,1954
isl,5,1955
isl,5,1956
isl,5,1957
isl,5,1958
isl,5,1959
isl,6,1960
isl,6,1961
isl,6,1962
isl,6,1963
isl,6,1964
isl,5,1965
isl,5,1966
isl,5,1967
isl,5,1968
isl,5,1969
isl,5,1970
isl,5,1971
isl,5,1972
isl,6,1973
isl,7,1974
isl,7,1975
isl,7,1976
isl,14,1977
isl,17,1978
isl,26,1979
isl,28,1980
isl,28,1981
isl,28,1982
isl,22,1983
isl,17,1984
isl,30,1985
isl,21,1986
isl,49,1987
isl,24,1988
isl,38,1989
isl,21,1990
isl,21,1991
isl,17,1992
isl,5,1994
isl,6,1995
isl,6,1996
isl,7,1997
isl,9,1998
isl,10,1999
isl,12,2000
isl,12,2001
isl,8,2002
isl,8,2003
isl,10,2004
isl,12,2005
isl,15,2006
ind,5,1963
ind,5,1964
ind,6,1965
ind,6,1966
ind,6,1967
ind,5,1968
ind,5,1969
ind,5,1970
ind,6,1971
ind,6,1972
ind,7,1973
ind,9,1974
ind,9,1975
ind,9,1976
ind,9,1977
ind,9,1978
ind,9,1979
ind,9,1980
ind,10,1981
ind,10,1982
ind,10,1983
ind,10,1984
ind,10,1985
ind,10,1986
ind,10,1987
ind,10,1988
ind,10,1989
ind,10,1990
ind,12,1991
ind,12,1992
ind,12,1993
ind,12,1994
ind,12,1995
ind,12,1996
ind,9,1997
ind,9,1998
ind,8,1999
ind,8,2000
ind,7,2001
ind,6,2002
ind,6,2003
ind,6,2004
ind,6,2005
ind,6,2006
idn,19,1990
idn,18,1991
idn,14,1992
idn,9,1993
idn,12,1994
idn,14,1995
idn,13,1996
idn,20,1997
idn,38,1998
idn,13,1999
idn,15,2000
idn,18,2001
idn,13,2002
idn,8,2003
idn,7,2004
idn,13,2005
idn,10,2006
irn,4,1948
irn,4,1949
irn,4,1950
irn,4,1951
irn,4,1952
irn,4,1953
irn,4,1954
irn,4,1955
irn,4,1956
irn,4,1957
irn,4,1958
irn,4,1959
irn,6,1960
irn,6,1961
irn,6,1962
irn,4,1963
irn,4,1964
irn,4,1965
irn,5,1966
irn,5,1967
irn,7,1968
irn,8,1969
irn,8,1970
irn,7,1971
irn,8,1972
irn,9,1973
irn,9,1974
irn,8,1975
irn,8,1976
irn,8,1977
irn,10,1978
irn,9,1979
irn,12,2003
irl,3,1948
irl,3,1949
irl,3,1950
irl,3,1951
irl,4,1952
irl,4,1953
irl,3,1954
irl,4,1955
irl,5,1956
irl,6,1957
irl,4,1958
irl,4,1959
irl,5,1960
irl,6,1961
irl,4,1962
irl,4,1963
irl,7,1964
irl,6,1965
irl,7,1966
irl,8,1967
irl,7,1968
irl,8,1969
irl,7,1970
irl,5,1971
irl,8,1972
irl,13,1973
irl,12,1974
irl,10,1975
irl,15,1976
irl,7,1977
irl,12,1978
irl,17,1979
irl,14,1980
irl,17,1981
irl,14,1982
irl,12,1983
irl,14,1984
irl,10,1985
irl,13,1986
irl,9,1987
irl,8,1988
irl,12,1989
irl,11,1990
irl,11,1991
irl,7,1993
irl,6,1994
irl,7,1995
irl,6,1996
irl,7,1997
irl,4,1998
isr,108,1982
isr,311,1983
isr,690,1984
isr,80,1985
isr,31,1986
isr,27,1987
isr,31,1988
isr,15,1989
isr,13,1990
isr,14,1991
isr,10,1992
isr,10,1993
isr,17,1994
isr,14,1995
isr,15,1996
isr,14,1997
isr,13,1998
isr,11,1999
isr,8,2000
isr,6,2001
isr,9,2002
isr,5,2003
isr,4,2004
isr,4,2005
ita,6,1948
ita,5,1949
ita,4,1950
ita,4,1951
ita,4,1952
ita,4,1953
ita,4,1954
ita,4,1955
ita,4,1956
ita,4,1957
ita,4,1958
ita,4,1959
ita,4,1960
ita,4,1961
ita,4,1962
ita,4,1963
ita,4,1964
ita,4,1965
ita,4,1966
ita,4,1967
ita,4,1968
ita,4,1969
ita,6,1970
ita,5,1971
ita,4,1972
ita,7,1973
ita,8,1974
ita,6,1975
ita,15,1976
ita,12,1977
ita,11,1978
ita,15,1979
ita,17,1980
ita,19,1981
ita,18,1982
ita,17,1983
ita,17,1984
ita,15,1985
ita,12,1986
ita,12,1987
ita,13,1988
ita,14,1989
ita,13,1990
ita,12,1991
ita,12,1992
ita,8,1993
ita,8,1994
ita,9,1995
ita,8,1996
ita,6,1997
ita,3,1998
jam,6,1961
jam,6,1962
jam,4,1963
jam,5,1964
jam,5,1965
jam,6,1966
jam,6,1967
jam,5,1968
jam,6,1969
jam,6,1970
jam,5,1971
jam,6,1972
jam,7,1973
jam,9,1974
jam,8,1975
jam,9,1976
jam,9,1977
jam,9,1978
jam,9,1979
jam,11,1980
jam,11,1981
jam,11,1982
jam,11,1983
jam,16,1984
jam,21,1985
jam,21,1986
jam,21,1987
jam,21,1988
jam,21,1989
jam,21,1990
jpn,5,1948
jpn,5,1949
jpn,5,1950
jpn,6,1951
jpn,6,1952
jpn,6,1953
jpn,6,1954
jpn,7,1955
jpn,7,1956
jpn,8,1957
jpn,7,1958
jpn,7,1959
jpn,7,1960
jpn,7,1961
jpn,7,1962
jpn,6,1963
jpn,7,1964
jpn,5,1965
jpn,5,1966
jpn,6,1967
jpn,6,1968
jpn,6,1969
jpn,6,1970
jpn,5,1971
jpn,4,1972
jpn,9,1973
jpn,9,1974
jpn,7,1975
jpn,7,1976
jpn,4,1977
jpn,4,1978
jpn,6,1979
jpn,7,1980
jpn,6,1981
jpn,6,1982
jpn,5,1983
jpn,5,1984
jpn,5,1985
jpn,3,1986
jpn,3,1987
jpn,3,1988
jpn,4,1989
jpn,6,1990
jpn,5,1991
jpn,3,1992
jpn,2,1993
jpn,2,1994
jpn,1,1995
jpn,1,1996
jpn,1,1997
jpn,1,1998
jpn,1,1999
jpn,1,2000
jpn,0,2001
jpn,0,2002
jpn,0,2003
jpn,0,2004
jpn,0,2005
jpn,0,2006
jor,6,1966
jor,5,1967
jor,5,1968
jor,5,1969
jor,5,1970
jor,5,1971
jor,5,1972
jor,5,1973
jor,5,1974
jor,5,1975
jor,6,1976
jor,6,1977
jor,6,1978
jor,6,1979
jor,6,1980
jor,7,1981
jor,7,1982
jor,6,1983
jor,6,1984
jor,6,1985
jor,6,1986
jor,6,1987
jor,6,1988
jor,8,1989
jor,9,1990
jor,9,1991
jor,9,1992
jor,9,1993
jor,9,1994
jor,9,1995
jor,9,1996
jor,8,1997
jor,9,1998
jor,8,1999
jor,7,2000
jor,5,2001
jor,5,2002
jor,3,2003
jor,4,2004
jor,7,2005
jor,8,2006
kaz,170,1993
kaz,230,1994
kaz,53,1995
kaz,35,1996
kaz,19,1997
kaz,25,1998
kaz,18,1999
kaz,14,2000
kaz,9,2001
kaz,8,2002
kaz,7,2003
kaz,7,2004
kaz,8,2005
kaz,9,2006
ken,7,1967
ken,7,1968
ken,7,1969
ken,7,1970
ken,7,1971
ken,7,1972
ken,7,1973
ken,7,1974
ken,7,1975
ken,7,1976
ken,7,1977
ken,8,1978
ken,8,1979
ken,8,1980
ken,13,1981
ken,15,1982
ken,15,1983
ken,13,1984
ken,13,1985
ken,13,1986
ken,13,1987
ken,16,1988
ken,17,1989
ken,19,1990
ken,20,1991
ken,20,1992
ken,46,1993
ken,22,1994
ken,25,1995
ken,27,1996
ken,32,1997
ken,17,1998
ken,26,1999
kor,4,1948
kor,4,1949
kor,6,1950
kor,6,1951
kor,6,1952
kor,7,1953
kor,7,1954
kor,7,1955
kor,7,1956
kor,7,1957
kor,7,1958
kor,7,1959
kor,10,1960
kor,10,1961
kor,10,1962
kor,10,1963
kor,11,1964
kor,28,1965
kor,28,1966
kor,28,1967
kor,23,1968
kor,22,1969
kor,19,1970
kor,16,1971
kor,11,1972
kor,11,1973
kor,11,1974
kor,14,1975
kor,14,1976
kor,14,1977
kor,15,1978
kor,15,1979
kor,16,1980
kor,11,1981
kor,5,1982
kor,5,1983
kor,5,1984
kor,5,1985
kor,7,1986
kor,7,1987
kor,8,1988
kor,7,1989
kor,7,1990
kor,7,1991
kor,7,1992
kor,5,1993
kor,5,1994
kor,5,1995
kor,5,1996
kor,5,1997
kor,3,1998
kor,3,1999
kor,3,2000
kor,3,2001
kor,3,2002
kor,3,2003
kor,2,2004
kor,2,2005
kor,3,2006
kwt,6,1975
kwt,6,1976
kwt,6,1977
kwt,6,1978
kwt,6,1979
kwt,6,1980
kwt,6,1981
kwt,6,1982
kwt,6,1983
kwt,6,1984
kwt,6,1985
kwt,6,1986
kwt,6,1987
kwt,8,1988
kwt,8,1989
kwt,8,1991
kwt,8,1992
kwt,6,1993
kwt,7,1994
kwt,7,1995
kwt,7,1996
kwt,8,1997
kwt,7,1998
kwt,7,1999
kwt,7,2000
kwt,4,2001
kwt,3,2002
kwt,3,2003
kwt,5,2004
kwt,6,2005
kwt,6,2006
lao,24,1992
lao,25,1993
lao,30,1994
lao,32,1995
lao,35,1996
lao,35,1998
lao,35,1999
lao,35,2000
lao,35,2001
lao,20,2002
lao,20,2003
lao,20,2004
lao,20,2005
lao,20,2006
lva,27,1993
lva,25,1994
lva,24,1995
lva,10,1996
lva,4,1997
lva,4,1998
lva,4,1999
lva,4,2000
lva,4,2001
lva,3,2002
lva,3,2003
lva,4,2004
lva,4,2005
lva,5,2006
lbn,3,1964
lbn,3,1965
lbn,3,1966
lbn,3,1967
lbn,3,1968
lbn,3,1969
lbn,3,1970
lbn,3,1971
lbn,3,1972
lbn,5,1973
lbn,7,1974
lbn,7,1975
lbn,6,1976
lbn,6,1977
lbn,6,1978
lbn,9,1979
lbn,10,1980
lbn,13,1981
lbn,12,1982
lbn,12,1983
lbn,12,1984
lbn,20,1985
lbn,22,1986
lbn,22,1987
lbn,22,1988
lbn,22,1989
lbn,22,1990
lbn,18,1991
lbn,16,1992
lbn,20,1993
lbn,16,1994
lbn,19,1995
lbn,25,1996
lbn,30,1997
lbn,30,1998
lbn,25,1999
lbn,20,2000
lbn,20,2001
lbn,20,2002
lbn,20,2003
lbn,20,2004
lbn,12,2005
lbn,12,2006
lso,8,1980
lso,12,1981
lso,12,1982
lso,12,1983
lso,15,1984
lso,12,1985
lso,10,1986
lso,9,1987
lso,16,1988
lso,17,1989
lso,16,1990
lso,18,1991
lso,15,1992
lso,14,1993
lso,14,1994
lso,16,1995
lso,17,1996
lso,16,1997
lso,20,1998
lso,19,1999
lso,15,2000
lso,13,2001
lso,16,2002
lso,15,2003
lso,13,2004
lso,13,2005
lso,11,2006
lby,5,1958
lby,5,1959
lby,5,1960
lby,5,1961
lby,5,1962
lby,5,1963
lby,5,1964
lby,5,1965
lby,5,1966
lby,5,1967
lby,5,1968
lby,5,1969
lby,5,1970
lby,5,1971
lby,5,1972
lby,5,1973
lby,5,1974
lby,5,1975
lby,5,1976
lby,5,1977
lby,5,1978
lby,5,1979
lby,5,1980
lby,5,1981
lby,5,1982
lby,5,1983
lby,5,1984
lby,5,1985
lby,5,1986
lby,5,1987
lby,5,1988
lby,5,1989
lby,5,1990
lby,5,1991
lby,5,1992
lby,5,1993
lby,3,1998
lby,5,1999
lby,5,2000
lby,5,2001
lby,5,2002
lby,5,2003
lby,4,2004
lby,4,2005
lby,4,2006
ltu,3,2005
ltu,4,2006
mdg,6,1969
mdg,6,1970
mdg,6,1971
mdg,6,1972
mdg,6,1973
mdg,6,1974
mdg,6,1975
mdg,6,1976
mdg,6,1977
mdg,6,1978
mdg,6,1979
mdg,6,1980
mdg,8,1981
mdg,13,1982
mdg,13,1983
mdg,13,1984
mdg,12,1985
mdg,12,1986
mdg,12,1987
mdg,12,1988
mdg,15,1999
mwi,5,1963
mwi,5,1964
mwi,5,1965
mwi,5,1966
mwi,5,1967
mwi,6,1968
mwi,6,1969
mwi,6,1970
mwi,6,1971
mwi,6,1972
mwi,6,1973
mwi,6,1974
mwi,6,1975
mwi,7,1976
mwi,7,1977
mwi,7,1978
mwi,8,1979
mwi,10,1980
mwi,10,1981
mwi,10,1982
mwi,10,1983
mwi,10,1984
mwi,11,1985
mwi,11,1986
mwi,14,1987
mwi,11,1988
mwi,11,1989
mwi,14,1990
mwi,13,1991
mwi,20,1992
mwi,25,1993
mwi,40,1994
mwi,50,1995
mwi,27,1996
mwi,23,1997
mwi,43,1998
mwi,47,1999
mwi,50,2000
mwi,47,2001
mwi,40,2002
mwi,35,2003
mwi,25,2004
mwi,25,2005
mwi,20,2006
mdv,18,2001
mdv,19,2002
mdv,19,2003
mdv,18,2004
mdv,18,2005
mdv,12,2006
mli,4,1964
mli,4,1965
mli,4,1966
mli,4,1967
mli,4,1968
mli,4,1969
mli,4,1970
mli,4,1971
mli,4,1972
mli,6,1973
mli,6,1974
mli,8,1975
mli,8,1976
mli,8,1977
mli,8,1978
mli,8,1979
mli,11,1980
mli,11,1981
mli,13,1982
mli,11,1983
mli,11,1984
mli,11,1985
mli,9,1986
mli,9,1987
mli,10,1988
mli,11,1989
mli,11,1990
mli,11,1991
mli,13,1992
mli,6,1993
mli,6,1994
mli,6,1995
mli,6,1996
mli,6,1997
mli,6,1998
mli,6,1999
mli,6,2000
mli,6,2001
mli,6,2002
mli,5,2003
mli,4,2004
mli,4,2005
mli,4,2006
mlt,5,1969
mlt,6,1970
mlt,6,1971
mlt,6,1972
mlt,6,1973
mlt,6,1974
mlt,6,1975
mlt,6,1976
mlt,6,1977
mlt,6,1978
mlt,6,1979
mlt,6,1980
mlt,6,1981
mlt,7,1982
mlt,7,1983
mlt,7,1984
mlt,6,1985
mlt,6,1986
mlt,6,1987
mlt,6,1988
mlt,6,1989
mlt,6,1990
mlt,6,1991
mlt,6,1992
mlt,6,1993
mlt,6,1994
mlt,6,1995
mlt,6,1996
mlt,6,1997
mlt,6,1998
mlt,5,1999
mlt,5,2000
mlt,4,2001
mlt,4,2002
mlt,3,2003
mlt,3,2004
mlt,3,2005
mlt,4,2006
mus,8,1967
mus,8,1968
mus,8,1969
mus,6,1970
mus,6,1971
mus,6,1972
mus,6,1973
mus,6,1974
mus,6,1975
mus,6,1976
mus,7,1977
mus,9,1978
mus,11,1979
mus,11,1980
mus,12,1981
mus,12,1982
mus,11,1983
mus,11,1984
mus,11,1985
mus,11,1986
mus,10,1987
mus,10,1988
mus,12,1989
mus,12,1990
mus,11,1991
mus,8,1992
mus,8,1993
mus,14,1994
mus,11,1995
mus,12,1996
mus,10,1997
mus,17,1998
mng,629,1993
mng,180,1994
mng,150,1995
mng,109,1996
mng,46,1997
mng,23,1998
mng,11,1999
mng,9,2000
mng,9,2001
mng,10,2002
mng,12,2003
mng,16,2004
mng,4,2005
mng,6,2006
msr,9,1994
msr,9,1995
msr,9,1996
msr,8,1997
msr,8,1998
msr,8,1999
msr,8,2000
msr,7,2001
msr,7,2002
msr,7,2003
msr,7,2004
msr,7,2005
msr,7,2006
mar,4,1951
mar,4,1952
mar,4,1953
mar,4,1954
mar,4,1955
mar,4,1956
mar,4,1957
mar,4,1958
mar,4,1959
mar,4,1960
mar,4,1961
mar,4,1962
mar,4,1963
mar,4,1964
mar,4,1965
mar,4,1966
mar,4,1967
mar,4,1968
mar,4,1969
mar,4,1970
mar,4,1971
mar,4,1972
mar,4,1973
mar,4,1974
mar,5,1975
mar,5,1976
mar,5,1977
mar,5,1978
mar,5,1979
mar,5,1980
mar,6,1981
mar,7,1982
mar,7,1983
mar,7,1984
mar,8,1985
mar,9,1986
mar,9,1987
mar,9,1988
mar,7,1994
mar,6,1998
mar,5,1999
mar,5,2000
mar,5,2001
mar,4,2002
mar,3,2003
mar,3,2004
mar,3,2005
mar,3,2006
moz,70,1994
moz,58,1995
moz,32,1996
moz,13,1997
moz,10,1998
moz,10,1999
moz,10,2000
moz,10,2001
moz,10,2002
moz,10,2003
moz,10,2004
moz,10,2005
moz,10,2006
mmr,11,1991
mmr,11,1992
mmr,11,1993
mmr,11,1994
mmr,13,1995
mmr,15,1996
mmr,15,1997
mmr,15,1998
mmr,12,1999
mmr,10,2000
mmr,10,2001
mmr,10,2002
mmr,10,2003
mmr,10,2004
mmr,10,2005
nam,21,1991
nam,17,1992
nam,15,1993
nam,16,1994
nam,18,1995
nam,18,1996
nam,16,1997
nam,19,1998
nam,12,1999
nam,11,2000
nam,9,2001
nam,13,2002
nam,8,2003
nam,8,2004
nam,7,2005
nam,9,2006
npl,12,1976
npl,12,1977
npl,12,1978
npl,12,1979
npl,12,1980
npl,12,1981
npl,15,1982
npl,15,1983
npl,15,1984
npl,15,1985
npl,11,1986
npl,11,1987
npl,11,1988
npl,11,1989
npl,11,1990
npl,13,1991
npl,13,1992
npl,11,1993
npl,11,1994
npl,11,1995
npl,11,1996
npl,9,1997
npl,9,1998
npl,9,1999
npl,8,2000
npl,7,2001
npl,6,2002
npl,6,2003
npl,6,2004
npl,6,2005
npl,6,2006
nld,3,1948
nld,3,1949
nld,3,1950
nld,4,1951
nld,3,1952
nld,3,1953
nld,3,1954
nld,3,1955
nld,4,1956
nld,5,1957
nld,3,1958
nld,4,1959
nld,4,1960
nld,4,1961
nld,4,1962
nld,4,1963
nld,5,1964
nld,5,1965
nld,5,1966
nld,5,1967
nld,5,1968
nld,6,1969
nld,6,1970
nld,5,1971
nld,4,1972
nld,8,1973
nld,7,1974
nld,5,1975
nld,6,1976
nld,5,1977
nld,7,1978
nld,10,1979
nld,8,1980
nld,9,1981
nld,5,1982
nld,5,1983
nld,5,1984
nld,5,1985
nld,5,1986
nld,4,1987
nld,5,1988
nld,7,1989
nld,7,1990
nld,9,1991
nld,8,1992
nld,5,1993
ant,9,1980
ant,9,1981
ant,9,1982
ant,8,1983
ant,8,1984
ant,8,1985
ant,8,1986
ant,6,1987
ant,6,1988
ant,6,1989
ant,6,1990
ant,6,1991
ant,6,1992
ant,5,1993
ant,5,1994
ant,6,1995
ant,6,1996
ant,6,1997
ant,6,1998
ant,6,1999
ant,6,2000
ant,6,2001
ant,6,2002
nzl,2,1948
nzl,2,1949
nzl,2,1950
nzl,2,1951
nzl,2,1952
nzl,2,1953
nzl,4,1954
nzl,7,1955
nzl,7,1956
nzl,7,1957
nzl,7,1958
nzl,6,1959
nzl,6,1960
nzl,7,1961
nzl,7,1962
nzl,7,1963
nzl,7,1964
nzl,7,1965
nzl,7,1966
nzl,7,1967
nzl,7,1968
nzl,7,1969
nzl,7,1970
nzl,7,1971
nzl,6,1972
nzl,6,1973
nzl,7,1974
nzl,7,1975
nzl,9,1976
nzl,10,1977
nzl,11,1978
nzl,13,1979
nzl,14,1980
nzl,13,1981
nzl,13,1982
nzl,8,1983
nzl,14,1984
nzl,20,1985
nzl,25,1986
nzl,19,1987
nzl,15,1988
nzl,15,1989
nzl,13,1990
nzl,8,1991
nzl,9,1992
nzl,6,1993
nzl,10,1994
nzl,10,1995
nzl,9,1996
nzl,10,1997
nzl,6,1998
nzl,5,1999
nzl,7,2000
nzl,5,2001
nzl,6,2002
nzl,5,2003
nzl,7,2004
nzl,7,2005
nzl,7,2006
nic,12880,1988
nic,311,1989
nic,10,1990
nic,15,1991
nic,15,1992
nic,12,1993
nic,11,1994
ner,4,1960
ner,4,1961
ner,4,1962
ner,4,1963
ner,4,1964
ner,4,1965
ner,4,1966
ner,4,1967
ner,4,1968
ner,4,1969
ner,4,1970
ner,4,1971
ner,4,1972
ner,6,1973
ner,6,1974
ner,8,1975
ner,8,1976
ner,8,1977
ner,8,1978
ner,8,1979
ner,11,1980
ner,11,1981
ner,13,1982
ner,11,1983
ner,11,1984
ner,11,1985
ner,9,1986
ner,9,1987
ner,9,1988
ner,11,1989
ner,11,1990
ner,11,1991
ner,13,1992
ner,6,1993
ner,6,1994
ner,6,1995
ner,6,1996
ner,6,1997
ner,6,1998
ner,6,1999
ner,6,2000
ner,6,2001
ner,6,2002
ner,5,2003
ner,4,2004
ner,4,2005
ner,4,2006
nga,6,1960
nga,6,1961
nga,5,1962
nga,4,1963
nga,5,1964
nga,5,1965
nga,5,1966
nga,5,1967
nga,5,1968
nga,5,1969
nga,5,1970
nga,5,1971
nga,5,1972
nga,5,1973
nga,5,1974
nga,4,1975
nga,4,1976
nga,4,1977
nga,5,1978
nga,5,1979
nga,6,1980
nga,6,1981
nga,8,1982
nga,8,1983
nga,10,1984
nga,10,1985
nga,10,1986
nga,13,1987
nga,13,1988
nga,19,1989
nga,19,1990
nga,16,1991
nga,18,1992
nga,26,1993
nga,14,1994
nga,14,1995
nga,14,1996
nga,14,1997
nga,14,1998
nga,18,1999
nga,14,2000
nga,21,2001
nga,17,2002
nga,15,2003
nga,15,2004
nga,13,2005
nga,10,2006
nor,3,1948
nor,3,1949
nor,3,1950
nor,3,1951
nor,3,1952
nor,3,1953
nor,3,1954
nor,4,1955
nor,4,1956
nor,4,1957
nor,4,1958
nor,4,1959
nor,4,1960
nor,4,1961
nor,4,1962
nor,4,1963
nor,4,1964
nor,4,1965
nor,4,1966
nor,4,1967
nor,4,1968
nor,5,1969
nor,5,1970
nor,5,1971
nor,5,1972
nor,5,1973
nor,6,1974
nor,5,1975
nor,6,1976
nor,6,1977
nor,7,1978
nor,9,1979
nor,9,1980
nor,9,1981
nor,9,1982
nor,10,1983
nor,10,1984
nor,11,1985
nor,15,1986
nor,14,1987
nor,12,1988
nor,11,1989
nor,11,1990
nor,10,1991
nor,11,1992
nor,7,1993
nor,7,1994
nor,7,1995
nor,6,1996
nor,6,1997
nor,10,1998
nor,8,1999
nor,9,2000
nor,9,2001
nor,9,2002
nor,4,2003
nor,4,2004
nor,4,2005
nor,6,2006
pak,3,1948
pak,3,1949
pak,3,1950
pak,3,1951
pak,3,1952
pak,3,1953
pak,3,1954
pak,3,1955
pak,3,1956
pak,3,1957
pak,3,1958
pak,4,1959
pak,4,1960
pak,4,1961
pak,4,1962
pak,4,1963
pak,4,1964
pak,5,1965
pak,5,1966
pak,5,1967
pak,5,1968
pak,5,1969
pak,5,1970
pak,5,1971
pak,6,1972
pak,8,1973
pak,9,1974
pak,9,1975
pak,9,1976
pak,10,1977
pak,10,1978
pak,10,1979
pak,10,1980
pak,10,1981
pak,10,1982
pak,10,1983
pak,10,1984
pak,10,1985
pak,10,1986
pak,10,1987
pak,10,1988
pak,10,1989
pak,10,1990
pak,10,1991
pak,10,1992
pak,10,1993
pak,15,1994
pak,17,1995
pak,20,1996
pak,18,1997
pak,17,1998
pak,13,1999
pak,13,2000
pak,10,2001
pak,8,2002
pak,8,2003
pak,8,2004
pak,9,2005
pak,10,2006
png,9,1983
png,9,1984
png,10,1985
png,11,1986
png,9,1987
png,11,1988
png,10,1989
png,9,1990
png,9,1991
png,7,1992
png,6,1993
png,7,1994
png,18,1995
png,15,1996
png,9,1997
png,17,1998
png,17,1999
png,10,2000
png,12,2001
png,12,2002
png,16,2003
png,13,2004
png,10,2005
png,8,2006
pry,10,1988
pry,21,1989
pry,33,1990
pry,20,1991
pry,24,1992
pry,27,1993
pry,19,1994
pry,21,1995
pry,15,1996
pry,20,1997
pry,20,1998
pry,20,1999
pry,20,2000
pry,20,2001
pry,20,2002
pry,20,2003
pry,20,2004
pry,20,2005
pry,20,2006
per,6,1948
per,6,1949
per,6,1950
per,6,1951
per,6,1952
per,6,1953
per,6,1954
per,6,1955
per,6,1956
per,6,1957
per,6,1958
per,10,1959
per,10,1960
per,10,1961
per,10,1962
per,10,1963
per,10,1964
per,10,1965
per,10,1966
per,10,1967
per,10,1968
per,10,1969
per,10,1970
per,10,1971
per,10,1972
per,10,1973
per,10,1974
per,10,1975
per,13,1976
per,15,1977
per,29,1978
per,30,1979
per,30,1980
per,45,1981
per,45,1982
per,60,1983
per,60,1984
per,43,1985
per,36,1986
per,30,1987
per,748,1988
per,866,1989
per,290,1990
per,68,1991
per,48,1992
per,29,1993
per,16,1994
per,18,1995
per,18,1996
per,16,1997
per,19,1998
per,18,1999
per,14,2000
per,5,2001
per,5,2002
per,3,2003
per,4,2004
per,4,2005
per,5,2006
phl,2,1949
phl,2,1950
phl,2,1951
phl,2,1952
phl,2,1953
phl,2,1954
phl,2,1955
phl,2,1956
phl,5,1957
phl,5,1958
phl,7,1959
phl,5,1960
phl,3,1961
phl,6,1962
phl,6,1963
phl,6,1964
phl,6,1965
phl,5,1966
phl,6,1967
phl,8,1968
phl,10,1969
phl,10,1970
phl,10,1971
phl,10,1972
phl,10,1973
phl,6,1974
phl,6,1975
phl,6,1976
phl,6,1977
phl,4,1978
phl,11,1979
phl,5,1980
phl,7,1981
phl,6,1982
phl,8,1983
phl,12,1984
phl,13,1985
phl,10,1986
phl,10,1987
phl,10,1988
phl,12,1989
phl,14,1990
phl,14,1991
phl,14,1992
phl,9,1993
phl,8,1994
phl,11,1995
phl,12,1996
phl,15,1997
phl,12,1998
phl,8,1999
phl,14,2000
phl,8,2001
phl,4,2002
phl,6,2003
phl,8,2004
phl,6,2005
phl,5,2006
pol,3,1983
pol,4,1984
pol,4,1985
pol,4,1986
pol,4,1987
pol,6,1988
pol,104,1989
pol,48,1990
pol,36,1991
pol,32,1992
pol,29,1993
pol,28,1994
pol,25,1995
pol,22,1996
pol,25,1997
pol,18,1998
pol,19,1999
pol,22,2000
pol,14,2001
pol,8,2002
pol,6,2003
pol,7,2004
pol,5,2005
pol,4,2006
prt,2,1948
prt,2,1949
prt,2,1950
prt,2,1951
prt,2,1952
prt,2,1953
prt,2,1954
prt,2,1955
prt,2,1956
prt,2,1957
prt,2,1958
prt,2,1959
prt,2,1960
prt,2,1961
prt,2,1962
prt,2,1963
prt,2,1964
prt,3,1965
prt,3,1966
prt,3,1967
prt,3,1968
prt,3,1969
prt,4,1970
prt,4,1971
prt,4,1972
prt,5,1973
prt,8,1974
prt,7,1975
prt,7,1976
prt,13,1977
prt,18,1978
prt,18,1979
prt,18,1980
prt,18,1981
prt,19,1982
prt,25,1983
prt,25,1984
prt,19,1985
prt,16,1986
prt,15,1987
prt,14,1988
prt,15,1989
prt,15,1990
prt,20,1991
prt,22,1992
prt,11,1993
prt,9,1994
prt,9,1995
prt,7,1996
prt,5,1997
prt,3,1998
qat,2,2002
qat,1,2003
qat,3,2004
qat,5,2005
qat,6,2006
rus,160,1995
rus,48,1996
rus,28,1997
rus,60,1998
rus,55,1999
rus,25,2000
rus,25,2001
rus,21,2002
rus,16,2003
rus,13,2004
rus,12,2005
rus,11,2006
rwa,5,1964
rwa,5,1965
rwa,5,1966
rwa,5,1967
rwa,5,1968
rwa,5,1969
rwa,5,1970
rwa,5,1971
rwa,5,1972
rwa,5,1973
rwa,5,1974
rwa,5,1975
rwa,5,1976
rwa,5,1977
rwa,5,1978
rwa,9,1979
rwa,9,1980
rwa,9,1981
rwa,9,1982
rwa,9,1983
rwa,9,1984
rwa,9,1985
rwa,9,1986
rwa,9,1987
rwa,9,1988
rwa,9,1989
rwa,14,1990
rwa,14,1991
rwa,11,1992
rwa,11,1993
rwa,11,1994
rwa,16,1995
rwa,16,1996
rwa,11,1997
rwa,11,1998
rwa,11,1999
rwa,12,2000
rwa,13,2001
rwa,13,2002
rwa,15,2003
rwa,15,2004
rwa,13,2005
kna,9,1994
kna,9,1995
kna,9,1996
kna,8,1997
kna,8,1998
kna,8,1999
kna,8,2000
kna,7,2001
kna,7,2002
kna,7,2003
kna,7,2004
kna,7,2005
kna,7,2006
lca,9,1994
lca,9,1995
lca,9,1996
lca,8,1997
lca,8,1998
lca,8,1999
lca,8,2000
lca,7,2001
lca,7,2002
lca,7,2003
lca,7,2004
lca,7,2005
lca,7,2006
vct,9,1994
vct,9,1995
vct,9,1996
vct,8,1997
vct,8,1998
vct,8,1999
vct,8,2000
vct,7,2001
vct,7,2002
vct,7,2003
vct,7,2004
vct,7,2005
vct,7,2006
stp,25,1989
stp,25,1990
stp,45,1991
stp,45,1992
stp,30,1993
stp,32,1994
stp,50,1995
stp,35,1996
stp,55,1997
stp,30,1998
stp,17,1999
stp,17,2000
stp,16,2001
stp,16,2002
stp,15,2003
stp,15,2004
stp,18,2005
stp,28,2006
sen,4,1960
sen,4,1961
sen,4,1962
sen,4,1963
sen,4,1964
sen,4,1965
sen,4,1966
sen,4,1967
sen,4,1968
sen,4,1969
sen,4,1970
sen,4,1971
sen,4,1972
sen,6,1973
sen,6,1974
sen,8,1975
sen,8,1976
sen,8,1977
sen,8,1978
sen,8,1979
sen,11,1980
sen,11,1981
sen,13,1982
sen,11,1983
sen,11,1984
sen,11,1985
sen,9,1986
sen,9,1987
sen,10,1988
sen,11,1989
sen,11,1990
sen,11,1991
sen,13,1992
sen,6,1993
sen,6,1994
sen,6,1995
sen,6,1996
sen,6,1997
sen,6,1998
sen,6,1999
sen,6,2000
sen,6,2001
sen,6,2002
sen,5,2003
sen,4,2004
sen,4,2005
sen,4,2006
srb,19,2001
srb,10,2002
srb,11,2003
srb,17,2004
srb,19,2005
srb,15,2006
syc,6,1981
syc,6,1982
syc,6,1983
syc,6,1984
syc,6,1985
syc,6,1986
syc,6,1987
syc,6,1988
syc,14,1989
syc,14,1990
syc,14,1991
syc,14,1992
syc,13,1993
syc,13,1994
syc,13,1995
syc,11,1996
syc,11,1997
syc,6,1998
syc,6,1999
syc,6,2000
syc,6,2001
syc,6,2002
syc,5,2003
syc,4,2004
syc,4,2005
syc,4,2006
sle,6,1965
sle,6,1966
sle,7,1967
sle,7,1968
sle,6,1969
sle,6,1970
sle,6,1971
sle,6,1972
sle,6,1973
sle,6,1974
sle,6,1975
sle,6,1976
sle,8,1977
sle,8,1978
sle,10,1979
sle,12,1980
sle,12,1981
sle,12,1982
sle,14,1983
sle,14,1984
sle,14,1985
sle,16,1986
sle,16,1987
sle,16,1988
sle,16,1989
sle,55,1990
sle,55,1991
svk,12,1993
svk,12,1994
svk,10,1995
svk,9,1996
svk,9,1997
svk,9,1998
svk,9,1999
svk,9,2000
svk,8,2001
svk,7,2002
svk,6,2003
svk,4,2004
svk,3,2005
svk,5,2006
svn,26,1992
svn,19,1993
svn,17,1994
svn,11,1995
svn,11,1996
svn,11,1997
svn,11,1998
svn,9,1999
svn,11,2000
svn,12,2001
svn,11,2002
svn,7,2003
svn,5,2004
svn,5,2005
svn,5,2006
zaf,3,1948
zaf,4,1949
zaf,4,1950
zaf,4,1951
zaf,4,1952
zaf,4,1953
zaf,4,1954
zaf,5,1955
zaf,5,1956
zaf,5,1957
zaf,4,1958
zaf,4,1959
zaf,5,1960
zaf,5,1961
zaf,2,1962
zaf,2,1963
zaf,5,1964
zaf,5,1965
zaf,6,1966
zaf,6,1967
zaf,6,1968
zaf,6,1969
zaf,6,1970
zaf,7,1971
zaf,6,1972
zaf,4,1973
zaf,6,1974
zaf,7,1975
zaf,8,1976
zaf,8,1977
zaf,8,1978
zaf,5,1979
zaf,7,1980
zaf,15,1981
zaf,14,1982
zaf,18,1983
zaf,21,1984
zaf,13,1985
zaf,10,1986
zaf,10,1987
zaf,15,1988
zaf,18,1989
zaf,18,1990
zaf,17,1991
zaf,14,1992
zaf,12,1993
zaf,13,1994
zaf,15,1995
zaf,17,1996
zaf,16,1997
zaf,19,1998
zaf,12,1999
zaf,12,2000
zaf,10,2001
zaf,14,2002
zaf,8,2003
zaf,8,2004
zaf,7,2005
zaf,9,2006
esp,4,1952
esp,3,1953
esp,3,1954
esp,3,1955
esp,3,1956
esp,4,1957
esp,4,1958
esp,5,1959
esp,5,1960
esp,5,1961
esp,5,1962
esp,5,1963
esp,5,1964
esp,5,1965
esp,5,1966
esp,5,1967
esp,5,1968
esp,6,1969
esp,7,1970
esp,5,1971
esp,5,1972
esp,6,1973
esp,7,1974
esp,7,1975
esp,7,1976
esp,8,1977
esp,9,1978
esp,8,1979
esp,11,1980
esp,11,1981
esp,18,1982
esp,21,1983
esp,13,1984
esp,11,1985
esp,12,1986
esp,14,1987
esp,12,1988
esp,15,1989
esp,15,1990
esp,13,1991
esp,13,1992
esp,9,1993
esp,7,1994
esp,9,1995
esp,6,1996
esp,5,1997
esp,3,1998
lka,3,1950
lka,3,1951
lka,3,1952
lka,3,1953
lka,3,1954
lka,3,1955
lka,3,1956
lka,3,1957
lka,3,1958
lka,3,1959
lka,4,1960
lka,4,1961
lka,4,1962
lka,4,1963
lka,4,1964
lka,5,1965
lka,5,1966
lka,5,1967
lka,6,1968
lka,6,1969
lka,7,1970
lka,7,1971
lka,7,1972
lka,7,1973
lka,7,1974
lka,7,1975
lka,7,1976
lka,10,1977
lka,10,1978
lka,10,1979
lka,12,1980
lka,14,1981
lka,14,1982
lka,13,1983
lka,13,1984
lka,11,1985
lka,11,1986
lka,10,1987
lka,10,1988
lka,14,1989
lka,15,1990
lka,17,1991
lka,17,1992
lka,17,1993
lka,17,1994
lka,17,1995
lka,17,1996
lka,17,1997
lka,17,1998
lka,16,1999
lka,25,2000
lka,18,2002
lka,15,2003
lka,15,2004
lka,15,2005
swz,9,1976
swz,9,1977
swz,9,1978
swz,7,1979
swz,7,1980
swz,11,1981
swz,16,1982
swz,14,1983
swz,19,1984
swz,13,1985
swz,10,1986
swz,9,1987
swz,11,1988
swz,12,1989
swz,12,1990
swz,13,1991
swz,12,1992
swz,11,1993
swz,12,1994
swz,15,1995
swz,17,1996
swz,16,1997
swz,18,1998
swz,12,1999
swz,11,2000
swz,10,2001
swz,14,2002
swz,8,2003
swz,8,2004
swz,7,2005
swz,9,2006
swe,3,1948
swe,3,1949
swe,3,1950
swe,3,1951
swe,3,1952
swe,3,1953
swe,3,1954
swe,4,1955
swe,4,1956
swe,5,1957
swe,5,1958
swe,5,1959
swe,5,1960
swe,5,1961
swe,4,1962
swe,4,1963
swe,5,1964
swe,6,1965
swe,6,1966
swe,6,1967
swe,5,1968
swe,7,1969
swe,7,1970
swe,5,1971
swe,5,1972
swe,5,1973
swe,7,1974
swe,6,1975
swe,8,1976
swe,8,1977
swe,7,1978
swe,9,1979
swe,10,1980
swe,11,1981
swe,10,1982
swe,9,1983
swe,10,1984
swe,11,1985
swe,8,1986
swe,8,1987
swe,9,1988
swe,11,1989
swe,12,1990
swe,8,1991
swe,10,1992
swe,5,1993
swe,7,1994
swe,7,1995
swe,4,1996
swe,3,1997
swe,2,1998
swe,2,1999
swe,2,2000
swe,2,2001
swe,5,2002
swe,3,2003
swe,2,2004
swe,2,2005
swe,3,2006
che,2,1948
che,2,1949
che,2,1950
che,2,1951
che,2,1952
che,2,1953
che,2,1954
che,2,1955
che,2,1956
che,3,1957
che,3,1958
che,2,1959
che,2,1960
che,2,1961
che,2,1962
che,2,1963
che,3,1964
che,3,1965
che,4,1966
che,3,1967
che,3,1968
che,4,1969
che,4,1970
che,4,1971
che,4,1972
che,5,1973
che,6,1974
che,3,1975
che,2,1976
che,2,1977
che,1,1978
che,2,1979
che,3,1980
che,6,1981
che,5,1982
che,4,1983
che,4,1984
che,4,1985
che,4,1986
che,3,1987
che,4,1988
che,6,1989
che,6,1990
che,7,1991
che,6,1992
che,4,1993
che,4,1994
che,2,1995
che,1,1996
che,1,1997
che,1,1998
che,1,1999
che,3,2000
che,2,2001
che,1,2002
che,0,2003
che,1,2004
che,1,2005
che,2,2006
syr,3,1954
syr,4,1955
syr,4,1956
syr,4,1957
syr,4,1958
syr,4,1959
syr,4,1960
syr,4,1961
syr,5,1962
syr,5,1963
syr,5,1964
syr,5,1965
syr,5,1966
syr,5,1967
syr,5,1968
syr,5,1969
syr,5,1970
syr,5,1971
syr,5,1972
syr,5,1973
syr,5,1974
syr,5,1975
syr,5,1976
syr,5,1977
syr,5,1978
syr,5,1979
syr,5,1980
syr,5,1981
syr,5,1982
syr,5,1983
syr,5,1984
syr,5,1985
syr,5,1986
syr,5,1987
syr,5,1988
syr,5,1989
syr,5,1990
syr,5,1991
syr,5,1992
syr,5,1993
syr,5,1994
syr,5,1995
syr,5,1996
syr,5,1997
syr,5,1998
syr,5,1999
syr,5,2000
syr,5,2001
syr,5,2002
tjk,76,1997
tjk,36,1998
tjk,20,1999
tjk,21,2000
tjk,20,2001
tjk,25,2002
tjk,15,2003
tjk,10,2004
tjk,9,2005
tjk,12,2006
tha,8,1976
tha,9,1977
tha,13,1978
tha,13,1979
tha,14,1980
tha,15,1981
tha,13,1982
tha,13,1983
tha,12,1984
tha,11,1985
tha,8,1986
tha,8,1987
tha,8,1988
tha,8,1989
tha,12,1990
tha,11,1991
tha,11,1992
tha,9,1993
tha,10,1994
tha,11,1995
tha,11,1996
tha,13,1997
tha,13,1998
tha,4,1999
tha,4,2000
tha,4,2001
tha,3,2002
tha,3,2003
tha,4,2004
tha,6,2005
tha,7,2006
mkd,295,1993
mkd,33,1994
mkd,15,1995
mkd,9,1996
mkd,9,1997
mkd,9,1998
mkd,9,1999
mkd,8,2000
mkd,11,2001
mkd,11,2002
mkd,7,2003
mkd,7,2004
mkd,7,2005
mkd,7,2006
tgo,4,1960
tgo,4,1961
tgo,4,1962
tgo,4,1963
tgo,4,1964
tgo,4,1965
tgo,4,1966
tgo,4,1967
tgo,4,1968
tgo,4,1969
tgo,4,1970
tgo,4,1971
tgo,4,1972
tgo,6,1973
tgo,6,1974
tgo,8,1975
tgo,8,1976
tgo,8,1977
tgo,8,1978
tgo,8,1979
tgo,11,1980
tgo,11,1981
tgo,13,1982
tgo,11,1983
tgo,11,1984
tgo,11,1985
tgo,9,1986
tgo,9,1987
tgo,10,1988
tgo,11,1989
tgo,11,1990
tgo,11,1991
tgo,13,1992
tgo,6,1993
tgo,6,1994
tgo,6,1995
tgo,6,1996
tgo,6,1997
tgo,6,1998
tgo,6,1999
tgo,6,2000
tgo,6,2001
tgo,6,2002
tgo,5,2003
tgo,4,2004
tgo,4,2005
tgo,4,2006
tto,6,1966
tto,7,1967
tto,6,1968
tto,6,1969
tto,6,1970
tto,5,1971
tto,5,1972
tto,6,1973
tto,6,1974
tto,6,1975
tto,6,1976
tto,6,1977
tto,6,1978
tto,6,1979
tto,6,1980
tto,6,1981
tto,6,1982
tto,8,1983
tto,8,1984
tto,8,1985
tto,6,1986
tto,8,1987
tto,10,1988
tto,10,1989
tto,10,1990
tto,12,1991
tto,13,1992
tto,13,1993
tto,13,1994
tto,13,1995
tto,13,1996
tto,13,1997
tto,13,1998
tto,13,1999
tto,13,2000
tto,13,2001
tto,7,2002
tto,7,2003
tto,7,2004
tto,8,2005
tto,10,2006
tun,3,1958
tun,3,1959
tun,3,1960
tun,3,1961
tun,4,1962
tun,4,1963
tun,4,1964
tun,4,1965
tun,5,1966
tun,5,1967
tun,5,1968
tun,5,1969
tun,5,1970
tun,5,1971
tun,5,1972
tun,5,1973
tun,5,1974
tun,5,1975
tun,5,1976
tun,6,1977
tun,6,1978
tun,6,1979
tun,6,1980
tun,7,1981
tun,7,1982
tun,7,1983
tun,7,1984
tun,9,1985
tun,9,1986
tun,9,1987
tun,9,1988
tun,11,1989
tun,12,1990
tun,12,1991
tun,11,1992
tun,9,1993
tun,9,1994
tun,9,1995
tun,8,1996
tur,4,1948
tur,4,1949
tur,4,1950
tur,3,1951
tur,3,1952
tur,3,1953
tur,3,1954
tur,5,1955
tur,6,1956
tur,6,1957
tur,6,1958
tur,6,1959
tur,9,1960
tur,8,1961
tur,8,1962
tur,8,1963
tur,8,1964
tur,8,1965
tur,8,1966
tur,8,1967
tur,8,1968
tur,8,1969
tur,9,1970
tur,9,1971
tur,9,1972
tur,9,1973
tur,9,1974
tur,9,1975
tur,9,1976
tur,9,1977
tur,10,1978
tur,11,1979
tur,26,1980
tur,32,1981
tur,32,1982
tur,49,1983
tur,52,1984
tur,52,1985
tur,48,1986
tur,45,1987
tur,54,1988
tur,54,1989
tur,45,1990
tur,48,1991
tur,48,1992
tur,48,1993
tur,55,1994
tur,50,1995
tur,50,1996
tur,67,1997
tur,67,1998
tur,60,1999
tur,60,2000
tur,60,2001
tur,55,2002
tur,43,2003
tur,38,2004
tur,23,2005
tur,27,2006
uga,8,1980
uga,10,1981
uga,11,1982
uga,16,1983
uga,24,1984
uga,24,1985
uga,36,1986
uga,31,1987
uga,45,1988
uga,55,1989
uga,50,1990
uga,46,1991
uga,41,1992
uga,24,1993
uga,15,1994
uga,13,1995
uga,16,1996
uga,14,1997
uga,9,1998
uga,16,1999
uga,19,2000
uga,9,2001
uga,13,2002
uga,26,2003
uga,16,2004
uga,14,2005
uga,16,2006
ukr,80,1992
ukr,240,1993
ukr,252,1994
ukr,110,1995
ukr,40,1996
ukr,35,1997
ukr,60,1998
ukr,45,1999
ukr,27,2000
ukr,13,2001
ukr,7,2002
ukr,7,2003
ukr,9,2004
ukr,10,2005
ukr,9,2006
gbr,2,1948
gbr,2,1949
gbr,2,1950
gbr,3,1951
gbr,4,1952
gbr,4,1953
gbr,3,1954
gbr,5,1955
gbr,6,1956
gbr,7,1957
gbr,4,1958
gbr,4,1959
gbr,5,1960
gbr,6,1961
gbr,5,1962
gbr,4,1963
gbr,7,1964
gbr,6,1965
gbr,7,1966
gbr,8,1967
gbr,7,1968
gbr,8,1969
gbr,7,1970
gbr,5,1971
gbr,9,1972
gbr,13,1973
gbr,12,1974
gbr,11,1975
gbr,14,1976
gbr,7,1977
gbr,13,1978
gbr,17,1979
gbr,14,1980
tza,4,1972
tza,4,1973
tza,5,1974
tza,5,1975
tza,5,1976
tza,5,1977
tza,5,1978
tza,5,1979
tza,5,1980
tza,4,1981
tza,4,1982
tza,4,1983
tza,4,1984
tza,5,1985
tza,8,1986
tza,13,1987
tza,15,1988
tza,16,1989
tza,15,1992
tza,15,1993
tza,68,1994
tza,48,1995
tza,19,1996
tza,16,1997
tza,18,1998
tza,20,1999
tza,11,2000
tza,9,2001
tza,9,2002
tza,12,2003
tza,14,2004
tza,19,2005
tza,20,2006
usa,2,1948
usa,2,1949
usa,2,1950
usa,2,1951
usa,2,1952
usa,2,1953
usa,2,1954
usa,3,1955
usa,3,1956
usa,3,1957
usa,3,1958
usa,4,1959
usa,3,1960
usa,3,1961
usa,3,1962
usa,4,1963
usa,4,1964
usa,4,1965
usa,5,1966
usa,5,1967
usa,5,1968
usa,6,1969
usa,6,1970
usa,5,1971
usa,5,1972
usa,8,1973
usa,8,1974
usa,6,1975
usa,5,1976
usa,6,1977
usa,10,1978
usa,12,1979
usa,13,1980
usa,12,1981
usa,9,1982
usa,9,1983
usa,8,1984
usa,8,1985
usa,6,1986
usa,6,1987
usa,7,1988
usa,7,1989
usa,7,1990
usa,4,1991
usa,3,1992
usa,3,1993
usa,5,1994
usa,5,1995
usa,5,1996
usa,5,1997
usa,5,1998
usa,5,1999
usa,6,2000
usa,1,2001
usa,1,2002
usa,2,2003
usa,3,2004
usa,5,2005
usa,6,2006
ury,72,1981
ury,84,1982
ury,113,1983
ury,133,1984
ury,145,1985
ury,138,1986
ury,143,1987
ury,155,1988
ury,220,1989
ury,252,1990
ury,219,1991
ury,162,1992
ury,164,1993
ury,182,1994
ury,179,1995
ury,160,1996
ury,96,1997
ury,74,1998
ury,66,1999
ury,57,2000
ury,72,2001
ury,316,2002
ury,46,2003
ury,10,2004
ury,10,2005
ury,10,2006
vut,7,1998
vut,7,1999
vut,7,2000
vut,7,2001
vut,7,2002
vut,7,2003
vut,7,2004
vut,6,2005
vut,6,2006
ven,2,1948
ven,2,1949
ven,2,1950
ven,2,1951
ven,2,1952
ven,2,1953
ven,2,1954
ven,2,1955
ven,2,1956
ven,2,1957
ven,2,1958
ven,5,1959
ven,5,1960
ven,5,1961
ven,5,1962
ven,5,1963
ven,5,1964
ven,5,1965
ven,5,1966
ven,5,1967
ven,5,1968
ven,6,1969
ven,5,1970
ven,5,1971
ven,5,1972
ven,5,1973
ven,5,1974
ven,7,1975
ven,7,1976
ven,7,1977
ven,8,1978
ven,11,1979
ven,13,1980
ven,14,1981
ven,13,1982
ven,11,1983
ven,11,1984
ven,8,1985
ven,8,1986
ven,8,1987
ven,8,1988
ven,45,1989
ven,43,1990
ven,43,1991
ven,52,1992
ven,71,1993
ven,48,1994
ven,49,1995
ven,45,1996
ven,45,1997
ven,60,1998
ven,38,1999
ven,38,2000
ven,37,2001
ven,40,2002
ven,29,2003
ven,29,2004
ven,29,2005
ven,29,2006
vnm,19,1996
vnm,11,1997
vnm,12,1998
vnm,6,1999
vnm,6,2000
vnm,5,2001
vnm,5,2002
vnm,5,2003
vnm,5,2004
vnm,5,2005
vnm,5,2006
yem,27,1995
yem,29,1996
yem,15,1997
yem,20,1998
yem,19,1999
yem,16,2000
yem,15,2001
yem,13,2002
zmb,5,1965
zmb,5,1966
zmb,5,1967
zmb,5,1968
zmb,5,1969
zmb,5,1970
zmb,5,1971
zmb,5,1972
zmb,5,1973
zmb,5,1974
zmb,5,1975
zmb,5,1976
zmb,6,1977
zmb,6,1978
zmb,7,1979
zmb,7,1980
zmb,8,1981
zmb,8,1982
zmb,10,1983
zmb,15,1984
zmb,25,1985
zmb,30,1986
zmb,15,1987
zmb,15,1988
zmb,47,1992
zmb,73,1993
zmb,21,1994
zmb,40,1995
zmb,47,1996
zmb,18,1997
zmb,33,1999
zmb,26,2000
zmb,40,2001
zmb,28,2002
zmb,14,2003
zmb,17,2004
zmb,15,2005
zmb,9,2006
zwe,5,1964
zwe,5,1965
zwe,5,1966
zwe,5,1967
zwe,5,1968
zwe,5,1969
zwe,5,1970
zwe,5,1971
zwe,5,1972
zwe,5,1973
zwe,5,1974
zwe,5,1975
zwe,5,1976
zwe,5,1977
zwe,5,1978
zwe,5,1979
zwe,5,1980
zwe,9,1981
zwe,9,1982
zwe,9,1983
zwe,9,1984
zwe,9,1985
zwe,9,1986
zwe,9,1987
zwe,9,1988
zwe,9,1989
zwe,10,1990
zwe,20,1991
zwe,30,1992
zwe,29,1993
zwe,30,1994
zwe,30,1995
zwe,27,1996
zwe,32,1997
zwe,40,1998
zwe,74,1999
zwe,58,2000
zwe,57,2001
zwe,30,2002
zwe,300,2003
zwe,110,2004
zwe,540,2005
zwe,500,2006
