geo,time,hdi_human_development_index
afg,1980,0.198
afg,1990,0.246
afg,2000,0.23
afg,2005,0.34
afg,2006,0.354
afg,2007,0.363
afg,2008,0.37
afg,2009,0.387
afg,2011,0.398
alb,1990,0.656
alb,2000,0.691
alb,2005,0.721
alb,2006,0.724
alb,2007,0.729
alb,2008,0.733
alb,2009,0.734
alb,2011,0.739
dza,1980,0.454
dza,1990,0.551
dza,2000,0.624
dza,2005,0.667
dza,2006,0.673
dza,2007,0.68
dza,2008,0.686
dza,2009,0.691
dza,2011,0.698
and,2011,0.838
ago,2000,0.384
ago,2005,0.445
ago,2006,0.459
ago,2007,0.471
ago,2008,0.476
ago,2009,0.481
ago,2011,0.486
atg,2011,0.764
arg,1980,0.669
arg,1990,0.697
arg,2000,0.749
arg,2005,0.765
arg,2006,0.773
arg,2007,0.78
arg,2008,0.786
arg,2009,0.788
arg,2011,0.797
arm,2000,0.643
arm,2005,0.689
arm,2006,0.703
arm,2007,0.715
arm,2008,0.719
arm,2009,0.712
arm,2011,0.716
aus,1980,0.85
aus,1990,0.873
aus,2000,0.906
aus,2005,0.918
aus,2006,0.92
aus,2007,0.922
aus,2008,0.924
aus,2009,0.926
aus,2011,0.929
aut,1980,0.74
aut,1990,0.79
aut,2000,0.839
aut,2005,0.86
aut,2006,0.866
aut,2007,0.87
aut,2008,0.876
aut,2009,0.879
aut,2011,0.885
aze,2011,0.731
bhs,2000,0.752
bhs,2005,0.766
bhs,2006,0.768
bhs,2007,0.77
bhs,2008,0.771
bhs,2009,0.769
bhs,2011,0.771
bhr,1980,0.651
bhr,1990,0.721
bhr,2000,0.773
bhr,2005,0.795
bhr,2006,0.799
bhr,2007,0.804
bhr,2008,0.806
bhr,2009,0.805
bhr,2011,0.806
bgd,1980,0.303
bgd,1990,0.352
bgd,2000,0.422
bgd,2005,0.462
bgd,2006,0.47
bgd,2007,0.478
bgd,2008,0.484
bgd,2009,0.491
bgd,2011,0.5
brb,2005,0.787
brb,2006,0.79
brb,2007,0.791
brb,2008,0.792
brb,2009,0.79
brb,2011,0.793
blr,2005,0.723
blr,2006,0.731
blr,2007,0.738
blr,2008,0.744
blr,2009,0.746
blr,2011,0.756
bel,1980,0.757
bel,1990,0.811
bel,2000,0.876
bel,2005,0.873
bel,2006,0.877
bel,2007,0.88
bel,2008,0.882
bel,2009,0.883
bel,2011,0.886
blz,1980,0.619
blz,1990,0.651
blz,2000,0.668
blz,2005,0.689
blz,2006,0.69
blz,2007,0.692
blz,2008,0.695
blz,2009,0.696
blz,2011,0.699
ben,1980,0.252
ben,1990,0.316
ben,2000,0.378
ben,2005,0.409
ben,2006,0.411
ben,2007,0.414
ben,2008,0.419
ben,2009,0.422
ben,2011,0.427
btn,2011,0.522
bol,1980,0.507
bol,1990,0.56
bol,2000,0.612
bol,2005,0.649
bol,2006,0.65
bol,2007,0.645
bol,2008,0.651
bol,2009,0.656
bol,2011,0.663
bih,2005,0.717
bih,2006,0.72
bih,2007,0.725
bih,2008,0.73
bih,2009,0.73
bih,2011,0.733
bwa,1980,0.446
bwa,1990,0.594
bwa,2000,0.585
bwa,2005,0.601
bwa,2006,0.611
bwa,2007,0.618
bwa,2008,0.624
bwa,2009,0.626
bwa,2011,0.633
bra,1980,0.549
bra,1990,0.6
bra,2000,0.665
bra,2005,0.692
bra,2006,0.695
bra,2007,0.7
bra,2008,0.705
bra,2009,0.708
bra,2011,0.718
brn,1980,0.75
brn,1990,0.784
brn,2000,0.818
brn,2005,0.83
brn,2006,0.834
brn,2007,0.835
brn,2008,0.834
brn,2009,0.835
brn,2011,0.838
bgr,1990,0.698
bgr,2000,0.715
bgr,2005,0.749
bgr,2006,0.753
bgr,2007,0.758
bgr,2008,0.765
bgr,2009,0.766
bgr,2011,0.771
bfa,2005,0.302
bfa,2006,0.307
bfa,2007,0.313
bfa,2008,0.321
bfa,2009,0.326
bfa,2011,0.331
bdi,1980,0.2
bdi,1990,0.25
bdi,2000,0.245
bdi,2005,0.267
bdi,2006,0.281
bdi,2007,0.289
bdi,2008,0.301
bdi,2009,0.308
bdi,2011,0.316
khm,2000,0.438
khm,2005,0.491
khm,2006,0.501
khm,2007,0.508
khm,2008,0.513
khm,2009,0.513
khm,2011,0.523
cmr,1980,0.37
cmr,1990,0.427
cmr,2000,0.427
cmr,2005,0.449
cmr,2006,0.451
cmr,2007,0.459
cmr,2008,0.466
cmr,2009,0.475
cmr,2011,0.482
can,1980,0.817
can,1990,0.857
can,2000,0.879
can,2005,0.892
can,2006,0.897
can,2007,0.9
can,2008,0.903
can,2009,0.903
can,2011,0.908
cpv,2000,0.523
cpv,2005,0.543
cpv,2006,0.555
cpv,2007,0.56
cpv,2008,0.563
cpv,2009,0.564
cpv,2011,0.568
caf,1980,0.283
caf,1990,0.31
caf,2000,0.306
caf,2005,0.311
caf,2006,0.316
caf,2007,0.323
caf,2008,0.327
caf,2009,0.334
caf,2011,0.343
tcd,2000,0.286
tcd,2005,0.312
tcd,2006,0.311
tcd,2007,0.313
tcd,2008,0.316
tcd,2009,0.323
tcd,2011,0.328
chl,1980,0.63
chl,1990,0.698
chl,2000,0.749
chl,2005,0.779
chl,2006,0.78
chl,2007,0.789
chl,2008,0.796
chl,2009,0.798
chl,2011,0.805
chn,1980,0.404
chn,1990,0.49
chn,2000,0.588
chn,2005,0.633
chn,2006,0.644
chn,2007,0.656
chn,2008,0.665
chn,2009,0.674
chn,2011,0.687
col,1980,0.55
col,1990,0.594
col,2000,0.652
col,2005,0.675
col,2006,0.683
col,2007,0.691
col,2008,0.697
col,2009,0.702
col,2011,0.71
com,2005,0.428
com,2006,0.428
com,2007,0.428
com,2008,0.429
com,2009,0.43
com,2011,0.433
cod,1980,0.282
cod,1990,0.289
cod,2000,0.224
cod,2005,0.26
cod,2006,0.266
cod,2007,0.271
cod,2008,0.27
cod,2009,0.277
cod,2011,0.286
cog,1980,0.465
cog,1990,0.502
cog,2000,0.478
cog,2005,0.506
cog,2006,0.51
cog,2007,0.512
cog,2008,0.52
cog,2009,0.523
cog,2011,0.533
cri,1980,0.614
cri,1990,0.656
cri,2000,0.703
cri,2005,0.723
cri,2006,0.729
cri,2007,0.735
cri,2008,0.737
cri,2009,0.738
cri,2011,0.744
civ,1980,0.347
civ,1990,0.361
civ,2000,0.374
civ,2005,0.383
civ,2006,0.385
civ,2007,0.388
civ,2008,0.392
civ,2009,0.397
civ,2011,0.4
hrv,2000,0.748
hrv,2005,0.78
hrv,2006,0.785
hrv,2007,0.791
hrv,2008,0.795
hrv,2009,0.793
hrv,2011,0.796
cub,1990,0.677
cub,2000,0.681
cub,2005,0.725
cub,2006,0.745
cub,2007,0.759
cub,2008,0.767
cub,2009,0.77
cub,2011,0.776
cyp,1990,0.747
cyp,2000,0.8
cyp,2005,0.809
cyp,2006,0.814
cyp,2007,0.819
cyp,2008,0.827
cyp,2009,0.837
cyp,2011,0.84
cze,2000,0.816
cze,2005,0.854
cze,2006,0.858
cze,2007,0.861
cze,2008,0.864
cze,2009,0.863
cze,2011,0.865
dnk,1980,0.783
dnk,1990,0.809
dnk,2000,0.861
dnk,2005,0.885
dnk,2006,0.887
dnk,2007,0.89
dnk,2008,0.891
dnk,2009,0.891
dnk,2011,0.895
dji,2005,0.402
dji,2006,0.407
dji,2007,0.416
dji,2008,0.421
dji,2009,0.425
dji,2011,0.43
dma,2000,0.699
dma,2005,0.709
dma,2006,0.716
dma,2007,0.719
dma,2008,0.722
dma,2009,0.722
dma,2011,0.724
dom,1980,0.532
dom,1990,0.577
dom,2000,0.64
dom,2005,0.658
dom,2006,0.666
dom,2007,0.672
dom,2008,0.677
dom,2009,0.68
dom,2011,0.689
ecu,1980,0.591
ecu,1990,0.636
ecu,2000,0.668
ecu,2005,0.695
ecu,2006,0.698
ecu,2007,0.702
ecu,2008,0.714
ecu,2009,0.716
ecu,2011,0.72
egy,1980,0.406
egy,1990,0.497
egy,2000,0.585
egy,2005,0.611
egy,2006,0.618
egy,2007,0.626
egy,2008,0.633
egy,2009,0.638
egy,2011,0.644
slv,1980,0.466
slv,1990,0.524
slv,2000,0.619
slv,2005,0.652
slv,2006,0.658
slv,2007,0.668
slv,2008,0.668
slv,2009,0.669
slv,2011,0.674
gnq,2000,0.488
gnq,2005,0.516
gnq,2006,0.519
gnq,2007,0.526
gnq,2008,0.537
gnq,2009,0.534
gnq,2011,0.537
eri,2011,0.349
est,1990,0.717
est,2000,0.776
est,2005,0.821
est,2006,0.829
est,2007,0.834
est,2008,0.832
est,2009,0.828
est,2011,0.835
eth,2000,0.274
eth,2005,0.313
eth,2006,0.327
eth,2007,0.337
eth,2008,0.348
eth,2009,0.353
eth,2011,0.363
fji,1980,0.566
fji,1990,0.624
fji,2000,0.668
fji,2005,0.678
fji,2006,0.678
fji,2007,0.681
fji,2008,0.684
fji,2009,0.685
fji,2011,0.688
fin,1980,0.759
fin,1990,0.794
fin,2000,0.837
fin,2005,0.875
fin,2006,0.878
fin,2007,0.881
fin,2008,0.883
fin,2009,0.877
fin,2011,0.882
fra,1980,0.722
fra,1990,0.777
fra,2000,0.846
fra,2005,0.869
fra,2006,0.873
fra,2007,0.877
fra,2008,0.879
fra,2009,0.88
fra,2011,0.884
gab,1980,0.522
gab,1990,0.605
gab,2000,0.621
gab,2005,0.648
gab,2006,0.648
gab,2007,0.656
gab,2008,0.66
gab,2009,0.664
gab,2011,0.674
gmb,1980,0.272
gmb,1990,0.317
gmb,2000,0.36
gmb,2005,0.384
gmb,2006,0.392
gmb,2007,0.399
gmb,2008,0.408
gmb,2009,0.413
gmb,2011,0.42
geo,2005,0.707
geo,2006,0.712
geo,2007,0.724
geo,2008,0.722
geo,2009,0.724
geo,2011,0.733
deu,1980,0.73
deu,1990,0.795
deu,2000,0.864
deu,2005,0.895
deu,2006,0.898
deu,2007,0.901
deu,2008,0.902
deu,2009,0.9
deu,2011,0.905
gha,1980,0.385
gha,1990,0.418
gha,2000,0.451
gha,2005,0.484
gha,2006,0.494
gha,2007,0.508
gha,2008,0.519
gha,2009,0.527
gha,2011,0.541
grc,1980,0.72
grc,1990,0.766
grc,2000,0.802
grc,2005,0.856
grc,2006,0.861
grc,2007,0.86
grc,2008,0.862
grc,2009,0.863
grc,2011,0.861
grd,2011,0.748
gtm,1980,0.428
gtm,1990,0.462
gtm,2000,0.525
gtm,2005,0.55
gtm,2006,0.555
gtm,2007,0.565
gtm,2008,0.568
gtm,2009,0.569
gtm,2011,0.574
gin,2005,0.326
gin,2006,0.331
gin,2007,0.337
gin,2008,0.34
gin,2009,0.341
gin,2011,0.344
gnb,2005,0.34
gnb,2006,0.344
gnb,2007,0.345
gnb,2008,0.346
gnb,2009,0.348
gnb,2011,0.353
guy,1980,0.501
guy,1990,0.489
guy,2000,0.579
guy,2005,0.606
guy,2006,0.613
guy,2007,0.619
guy,2008,0.622
guy,2009,0.624
guy,2011,0.633
hti,1980,0.332
hti,1990,0.397
hti,2000,0.421
hti,2005,0.429
hti,2006,0.433
hti,2007,0.443
hti,2008,0.445
hti,2009,0.449
hti,2011,0.454
hnd,1980,0.451
hnd,1990,0.513
hnd,2000,0.569
hnd,2005,0.597
hnd,2006,0.604
hnd,2007,0.613
hnd,2008,0.619
hnd,2009,0.619
hnd,2011,0.625
hkg,1980,0.708
hkg,1990,0.786
hkg,2000,0.824
hkg,2005,0.85
hkg,2006,0.857
hkg,2007,0.87
hkg,2008,0.885
hkg,2009,0.888
hkg,2011,0.898
hun,1980,0.7
hun,1990,0.706
hun,2000,0.775
hun,2005,0.803
hun,2006,0.808
hun,2007,0.809
hun,2008,0.811
hun,2009,0.811
hun,2011,0.816
isl,1980,0.762
isl,1990,0.807
isl,2000,0.863
isl,2005,0.893
isl,2006,0.895
isl,2007,0.899
isl,2008,0.895
isl,2009,0.897
isl,2011,0.898
ind,1980,0.344
ind,1990,0.41
ind,2000,0.461
ind,2005,0.504
ind,2006,0.512
ind,2007,0.523
ind,2008,0.527
ind,2009,0.535
ind,2011,0.547
idn,1980,0.423
idn,1990,0.481
idn,2000,0.543
idn,2005,0.572
idn,2006,0.579
idn,2007,0.591
idn,2008,0.598
idn,2009,0.607
idn,2011,0.617
irn,1980,0.437
irn,1990,0.534
irn,2000,0.636
irn,2005,0.671
irn,2006,0.684
irn,2007,0.694
irn,2008,0.699
irn,2009,0.703
irn,2011,0.707
irq,2005,0.552
irq,2006,0.557
irq,2007,0.558
irq,2008,0.564
irq,2009,0.565
irq,2011,0.573
irl,1980,0.735
irl,1990,0.782
irl,2000,0.869
irl,2005,0.898
irl,2006,0.904
irl,2007,0.909
irl,2008,0.909
irl,2009,0.905
irl,2011,0.908
isr,1980,0.763
isr,1990,0.802
isr,2000,0.856
isr,2005,0.874
isr,2006,0.877
isr,2007,0.882
isr,2008,0.882
isr,2009,0.884
isr,2011,0.888
ita,1980,0.717
ita,1990,0.764
ita,2000,0.825
ita,2005,0.861
ita,2006,0.866
ita,2007,0.869
ita,2008,0.871
ita,2009,0.87
ita,2011,0.874
jam,1980,0.607
jam,1990,0.637
jam,2000,0.68
jam,2005,0.702
jam,2006,0.71
jam,2007,0.717
jam,2008,0.724
jam,2009,0.724
jam,2011,0.727
jpn,1980,0.778
jpn,1990,0.827
jpn,2000,0.868
jpn,2005,0.886
jpn,2006,0.891
jpn,2007,0.894
jpn,2008,0.896
jpn,2009,0.895
jpn,2011,0.901
jor,1980,0.541
jor,1990,0.591
jor,2000,0.646
jor,2005,0.673
jor,2006,0.678
jor,2007,0.685
jor,2008,0.692
jor,2009,0.694
jor,2011,0.698
kaz,2000,0.657
kaz,2005,0.714
kaz,2006,0.721
kaz,2007,0.727
kaz,2008,0.729
kaz,2009,0.733
kaz,2011,0.745
ken,1980,0.42
ken,1990,0.456
ken,2000,0.443
ken,2005,0.467
ken,2006,0.474
ken,2007,0.486
ken,2008,0.493
ken,2009,0.499
ken,2011,0.509
kir,2011,0.624
kor,1980,0.634
kor,1990,0.742
kor,2000,0.83
kor,2005,0.866
kor,2006,0.873
kor,2007,0.881
kor,2008,0.886
kor,2009,0.889
kor,2011,0.897
kwt,1980,0.688
kwt,1990,0.712
kwt,2000,0.754
kwt,2005,0.752
kwt,2006,0.755
kwt,2007,0.756
kwt,2008,0.757
kwt,2009,0.757
kwt,2011,0.76
kgz,2000,0.577
kgz,2005,0.595
kgz,2006,0.598
kgz,2007,0.605
kgz,2008,0.611
kgz,2009,0.611
kgz,2011,0.615
lao,1990,0.376
lao,2000,0.448
lao,2005,0.484
lao,2006,0.491
lao,2007,0.5
lao,2008,0.507
lao,2009,0.514
lao,2011,0.524
lva,1990,0.693
lva,2000,0.732
lva,2005,0.784
lva,2006,0.793
lva,2007,0.8
lva,2008,0.803
lva,2009,0.798
lva,2011,0.805
lbn,2005,0.711
lbn,2006,0.713
lbn,2007,0.721
lbn,2008,0.726
lbn,2009,0.733
lbn,2011,0.739
lso,1980,0.418
lso,1990,0.47
lso,2000,0.427
lso,2005,0.417
lso,2006,0.426
lso,2007,0.429
lso,2008,0.436
lso,2009,0.44
lso,2011,0.45
lbr,1980,0.335
lbr,2000,0.306
lbr,2005,0.3
lbr,2006,0.298
lbr,2007,0.319
lbr,2008,0.328
lbr,2009,0.32
lbr,2011,0.329
lby,2005,0.741
lby,2006,0.748
lby,2007,0.755
lby,2008,0.759
lby,2009,0.763
lby,2011,0.76
lie,2011,0.905
ltu,2000,0.749
ltu,2005,0.793
ltu,2006,0.798
ltu,2007,0.803
ltu,2008,0.806
ltu,2009,0.802
ltu,2011,0.81
lux,1980,0.728
lux,1990,0.788
lux,2000,0.854
lux,2005,0.865
lux,2006,0.863
lux,2007,0.868
lux,2008,0.867
lux,2009,0.863
lux,2011,0.867
mkd,2005,0.704
mkd,2006,0.708
mkd,2007,0.712
mkd,2008,0.725
mkd,2009,0.725
mkd,2011,0.728
mdg,2000,0.427
mdg,2005,0.465
mdg,2006,0.471
mdg,2007,0.476
mdg,2008,0.483
mdg,2009,0.483
mdg,2011,0.48
mwi,1980,0.27
mwi,1990,0.291
mwi,2000,0.343
mwi,2005,0.351
mwi,2006,0.36
mwi,2007,0.367
mwi,2008,0.377
mwi,2009,0.387
mwi,2011,0.4
mys,1980,0.559
mys,1990,0.631
mys,2000,0.705
mys,2005,0.738
mys,2006,0.742
mys,2007,0.746
mys,2008,0.75
mys,2009,0.752
mys,2011,0.761
mdv,2000,0.576
mdv,2005,0.619
mdv,2006,0.632
mdv,2007,0.64
mdv,2008,0.648
mdv,2009,0.65
mdv,2011,0.661
mli,1980,0.174
mli,1990,0.204
mli,2000,0.275
mli,2005,0.319
mli,2006,0.326
mli,2007,0.338
mli,2008,0.346
mli,2009,0.352
mli,2011,0.359
mlt,1980,0.703
mlt,1990,0.753
mlt,2000,0.799
mlt,2005,0.825
mlt,2006,0.825
mlt,2007,0.826
mlt,2008,0.829
mlt,2009,0.827
mlt,2011,0.832
mrt,1980,0.332
mrt,1990,0.353
mrt,2000,0.41
mrt,2005,0.432
mrt,2006,0.436
mrt,2007,0.442
mrt,2008,0.446
mrt,2009,0.447
mrt,2011,0.453
mus,1980,0.546
mus,1990,0.618
mus,2000,0.672
mus,2005,0.703
mus,2006,0.709
mus,2007,0.714
mus,2008,0.718
mus,2009,0.722
mus,2011,0.728
mex,1980,0.593
mex,1990,0.649
mex,2000,0.718
mex,2005,0.741
mex,2006,0.748
mex,2007,0.755
mex,2008,0.761
mex,2009,0.762
mex,2011,0.77
fsm,2005,0.633
fsm,2006,0.635
fsm,2007,0.637
fsm,2008,0.636
fsm,2009,0.635
fsm,2011,0.636
mda,2000,0.586
mda,2005,0.631
mda,2006,0.637
mda,2007,0.638
mda,2008,0.644
mda,2009,0.638
mda,2011,0.649
mng,1990,0.54
mng,2000,0.555
mng,2005,0.611
mng,2006,0.621
mng,2007,0.631
mng,2008,0.641
mng,2009,0.642
mng,2011,0.653
mne,2005,0.757
mne,2006,0.762
mne,2007,0.767
mne,2008,0.771
mne,2009,0.768
mne,2011,0.771
mar,1980,0.364
mar,1990,0.435
mar,2000,0.507
mar,2005,0.552
mar,2006,0.559
mar,2007,0.565
mar,2008,0.57
mar,2009,0.575
mar,2011,0.582
moz,1990,0.2
moz,2000,0.245
moz,2005,0.285
moz,2006,0.29
moz,2007,0.299
moz,2008,0.304
moz,2009,0.312
moz,2011,0.322
mmr,1980,0.279
mmr,1990,0.298
mmr,2000,0.38
mmr,2005,0.436
mmr,2006,0.448
mmr,2007,0.459
mmr,2008,0.468
mmr,2009,0.474
mmr,2011,0.483
nam,1990,0.564
nam,2000,0.577
nam,2005,0.593
nam,2006,0.6
nam,2007,0.607
nam,2008,0.613
nam,2009,0.617
nam,2011,0.625
npl,1980,0.242
npl,1990,0.34
npl,2000,0.398
npl,2005,0.424
npl,2006,0.432
npl,2007,0.437
npl,2008,0.443
npl,2009,0.449
npl,2011,0.458
nld,1980,0.792
nld,1990,0.835
nld,2000,0.882
nld,2005,0.89
nld,2006,0.897
nld,2007,0.902
nld,2008,0.904
nld,2009,0.905
nld,2011,0.91
nzl,1980,0.8
nzl,1990,0.828
nzl,2000,0.878
nzl,2005,0.899
nzl,2006,0.901
nzl,2007,0.903
nzl,2008,0.904
nzl,2009,0.906
nzl,2011,0.908
nic,1980,0.457
nic,1990,0.473
nic,2000,0.533
nic,2005,0.566
nic,2006,0.571
nic,2007,0.577
nic,2008,0.583
nic,2009,0.582
nic,2011,0.589
ner,1980,0.177
ner,1990,0.193
ner,2000,0.229
ner,2005,0.265
ner,2006,0.269
ner,2007,0.273
ner,2008,0.282
ner,2009,0.285
ner,2011,0.295
nga,2005,0.429
nga,2006,0.438
nga,2007,0.441
nga,2008,0.446
nga,2009,0.449
nga,2011,0.459
nor,1980,0.796
nor,1990,0.844
nor,2000,0.913
nor,2005,0.938
nor,2006,0.94
nor,2007,0.942
nor,2008,0.941
nor,2009,0.941
nor,2011,0.943
omn,2005,0.694
omn,2006,0.695
omn,2007,0.697
omn,2008,0.702
omn,2009,0.703
omn,2011,0.705
pak,1980,0.359
pak,1990,0.399
pak,2000,0.436
pak,2005,0.48
pak,2006,0.483
pak,2007,0.493
pak,2008,0.495
pak,2009,0.499
pak,2011,0.504
plw,2000,0.774
plw,2005,0.788
plw,2006,0.79
plw,2007,0.793
plw,2008,0.781
plw,2009,0.777
plw,2011,0.782
pan,1980,0.628
pan,1990,0.66
pan,2000,0.718
pan,2005,0.74
pan,2006,0.745
pan,2007,0.752
pan,2008,0.758
pan,2009,0.76
pan,2011,0.768
png,1980,0.313
png,1990,0.368
png,2000,0.423
png,2005,0.435
png,2006,0.436
png,2007,0.447
png,2008,0.452
png,2009,0.457
png,2011,0.466
pry,1980,0.544
pry,1990,0.572
pry,2000,0.612
pry,2005,0.635
pry,2006,0.639
pry,2007,0.643
pry,2008,0.65
pry,2009,0.651
pry,2011,0.665
per,1980,0.574
per,1990,0.612
per,2000,0.674
per,2005,0.691
per,2006,0.697
per,2007,0.704
per,2008,0.712
per,2009,0.714
per,2011,0.725
phl,1980,0.55
phl,1990,0.571
phl,2000,0.602
phl,2005,0.622
phl,2006,0.624
phl,2007,0.63
phl,2008,0.635
phl,2009,0.636
phl,2011,0.644
pol,2000,0.77
pol,2005,0.791
pol,2006,0.795
pol,2007,0.8
pol,2008,0.804
pol,2009,0.807
pol,2011,0.813
prt,1980,0.639
prt,1990,0.708
prt,2000,0.778
prt,2005,0.789
prt,2006,0.791
prt,2007,0.798
prt,2008,0.802
prt,2009,0.805
prt,2011,0.809
qat,1980,0.703
qat,1990,0.743
qat,2000,0.784
qat,2005,0.818
qat,2006,0.816
qat,2007,0.825
qat,2008,0.825
qat,2009,0.818
qat,2011,0.831
rou,1990,0.7
rou,2000,0.704
rou,2005,0.748
rou,2006,0.757
rou,2007,0.767
rou,2008,0.778
rou,2009,0.778
rou,2011,0.781
rus,2000,0.691
rus,2005,0.725
rus,2006,0.733
rus,2007,0.742
rus,2008,0.748
rus,2009,0.747
rus,2011,0.755
rwa,1980,0.275
rwa,1990,0.232
rwa,2000,0.313
rwa,2005,0.376
rwa,2006,0.39
rwa,2007,0.401
rwa,2008,0.411
rwa,2009,0.419
rwa,2011,0.429
kna,2011,0.735
lca,2011,0.723
vct,2011,0.717
wsm,2000,0.657
wsm,2005,0.676
wsm,2006,0.682
wsm,2007,0.684
wsm,2008,0.688
wsm,2009,0.685
wsm,2011,0.688
stp,2005,0.483
stp,2006,0.489
stp,2007,0.496
stp,2008,0.496
stp,2009,0.503
stp,2011,0.509
sau,1980,0.651
sau,1990,0.693
sau,2000,0.726
sau,2005,0.746
sau,2006,0.751
sau,2007,0.755
sau,2008,0.76
sau,2009,0.763
sau,2011,0.77
sen,1980,0.317
sen,1990,0.365
sen,2000,0.399
sen,2005,0.432
sen,2006,0.436
sen,2007,0.445
sen,2008,0.451
sen,2009,0.453
sen,2011,0.459
srb,2000,0.719
srb,2005,0.744
srb,2006,0.749
srb,2007,0.754
srb,2008,0.76
srb,2009,0.761
srb,2011,0.766
syc,2000,0.764
syc,2005,0.766
syc,2006,0.77
syc,2007,0.775
syc,2008,0.773
syc,2009,0.767
syc,2011,0.773
sle,1980,0.248
sle,1990,0.241
sle,2000,0.252
sle,2005,0.306
sle,2006,0.312
sle,2007,0.319
sle,2008,0.325
sle,2009,0.329
sle,2011,0.336
sgp,2000,0.801
sgp,2005,0.835
sgp,2006,0.843
sgp,2007,0.85
sgp,2008,0.855
sgp,2009,0.856
sgp,2011,0.866
svk,1990,0.747
svk,2000,0.779
svk,2005,0.81
svk,2006,0.817
svk,2007,0.825
svk,2008,0.831
svk,2009,0.829
svk,2011,0.834
svn,2000,0.805
svn,2005,0.848
svn,2006,0.858
svn,2007,0.868
svn,2008,0.875
svn,2009,0.876
svn,2011,0.884
slb,2000,0.479
slb,2005,0.502
slb,2006,0.512
slb,2007,0.515
slb,2008,0.514
slb,2009,0.504
slb,2011,0.51
zaf,1980,0.564
zaf,1990,0.615
zaf,2000,0.616
zaf,2005,0.599
zaf,2006,0.601
zaf,2007,0.604
zaf,2008,0.608
zaf,2009,0.61
zaf,2011,0.619
esp,1980,0.691
esp,1990,0.749
esp,2000,0.839
esp,2005,0.857
esp,2006,0.862
esp,2007,0.866
esp,2008,0.871
esp,2009,0.874
esp,2011,0.878
lka,1980,0.539
lka,1990,0.583
lka,2000,0.633
lka,2005,0.662
lka,2006,0.667
lka,2007,0.673
lka,2008,0.676
lka,2009,0.68
lka,2011,0.691
sdn,1980,0.264
sdn,1990,0.298
sdn,2000,0.357
sdn,2005,0.383
sdn,2006,0.39
sdn,2007,0.395
sdn,2008,0.399
sdn,2009,0.403
sdn,2011,0.408
sur,2005,0.659
sur,2006,0.662
sur,2007,0.668
sur,2008,0.672
sur,2009,0.674
sur,2011,0.68
swz,1990,0.526
swz,2000,0.492
swz,2005,0.493
swz,2006,0.499
swz,2007,0.507
swz,2008,0.512
swz,2009,0.515
swz,2011,0.522
swe,1980,0.785
swe,1990,0.816
swe,2000,0.894
swe,2005,0.896
swe,2006,0.898
swe,2007,0.899
swe,2008,0.9
swe,2009,0.898
swe,2011,0.904
che,1980,0.81
che,1990,0.833
che,2000,0.873
che,2005,0.89
che,2006,0.893
che,2007,0.893
che,2008,0.892
che,2009,0.899
che,2011,0.903
syr,1980,0.497
syr,1990,0.548
syr,2000,0.583
syr,2005,0.621
syr,2006,0.624
syr,2007,0.628
syr,2008,0.629
syr,2009,0.63
syr,2011,0.632
tjk,2000,0.527
tjk,2005,0.575
tjk,2006,0.583
tjk,2007,0.588
tjk,2008,0.597
tjk,2009,0.6
tjk,2011,0.607
tza,1990,0.352
tza,2000,0.364
tza,2005,0.42
tza,2006,0.429
tza,2007,0.44
tza,2008,0.448
tza,2009,0.454
tza,2011,0.466
tha,1980,0.486
tha,1990,0.566
tha,2000,0.626
tha,2005,0.656
tha,2006,0.661
tha,2007,0.67
tha,2008,0.672
tha,2009,0.673
tha,2011,0.682
tls,2000,0.404
tls,2005,0.448
tls,2006,0.464
tls,2007,0.487
tls,2008,0.505
tls,2009,0.487
tls,2011,0.495
tgo,1980,0.347
tgo,1990,0.368
tgo,2000,0.408
tgo,2005,0.419
tgo,2006,0.425
tgo,2007,0.424
tgo,2008,0.426
tgo,2009,0.429
tgo,2011,0.435
ton,1990,0.649
ton,2000,0.681
ton,2005,0.696
ton,2006,0.698
ton,2007,0.698
ton,2008,0.7
ton,2009,0.701
ton,2011,0.704
tto,1980,0.673
tto,1990,0.676
tto,2000,0.701
tto,2005,0.728
tto,2006,0.741
tto,2007,0.752
tto,2008,0.751
tto,2009,0.755
tto,2011,0.76
tun,1980,0.45
tun,1990,0.542
tun,2000,0.63
tun,2005,0.667
tun,2006,0.675
tun,2007,0.681
tun,2008,0.688
tun,2009,0.692
tun,2011,0.698
tur,1980,0.463
tur,1990,0.558
tur,2000,0.634
tur,2005,0.671
tur,2006,0.681
tur,2007,0.688
tur,2008,0.691
tur,2009,0.69
tur,2011,0.699
tkm,2005,0.654
tkm,2006,0.661
tkm,2007,0.666
tkm,2008,0.671
tkm,2009,0.677
tkm,2011,0.686
uga,1990,0.299
uga,2000,0.372
uga,2005,0.401
uga,2006,0.41
uga,2007,0.42
uga,2008,0.43
uga,2009,0.438
uga,2011,0.446
ukr,1990,0.707
ukr,2000,0.669
ukr,2005,0.712
ukr,2006,0.718
ukr,2007,0.725
ukr,2008,0.729
ukr,2009,0.72
ukr,2011,0.729
are,1980,0.629
are,1990,0.69
are,2000,0.753
are,2005,0.807
are,2006,0.818
are,2007,0.827
are,2008,0.835
are,2009,0.841
are,2011,0.846
gbr,1980,0.744
gbr,1990,0.778
gbr,2000,0.833
gbr,2005,0.855
gbr,2006,0.853
gbr,2007,0.856
gbr,2008,0.86
gbr,2009,0.86
gbr,2011,0.863
usa,1980,0.837
usa,1990,0.87
usa,2000,0.897
usa,2005,0.902
usa,2006,0.904
usa,2007,0.905
usa,2008,0.907
usa,2009,0.906
usa,2011,0.91
ury,1980,0.658
ury,1990,0.686
ury,2000,0.736
ury,2005,0.748
ury,2006,0.755
ury,2007,0.764
ury,2008,0.769
ury,2009,0.773
ury,2011,0.783
uzb,2005,0.611
uzb,2006,0.614
uzb,2007,0.619
uzb,2008,0.624
uzb,2009,0.631
uzb,2011,0.641
vut,2011,0.617
ven,1980,0.623
ven,1990,0.629
ven,2000,0.656
ven,2005,0.692
ven,2006,0.706
ven,2007,0.72
ven,2008,0.73
ven,2009,0.732
ven,2011,0.735
pse,2011,0.641
vnm,1990,0.435
vnm,2000,0.528
vnm,2005,0.561
vnm,2006,0.568
vnm,2007,0.575
vnm,2008,0.58
vnm,2009,0.584
vnm,2011,0.593
yem,2000,0.374
yem,2005,0.422
yem,2006,0.431
yem,2007,0.438
yem,2008,0.444
yem,2009,0.452
yem,2011,0.462
zmb,1980,0.401
zmb,1990,0.394
zmb,2000,0.371
zmb,2005,0.394
zmb,2006,0.398
zmb,2007,0.405
zmb,2008,0.413
zmb,2009,0.419
zmb,2011,0.43
zwe,1980,0.366
zwe,1990,0.425
zwe,2000,0.372
zwe,2005,0.347
zwe,2006,0.348
zwe,2007,0.35
zwe,2008,0.338
zwe,2009,0.349
zwe,2011,0.376
