geo,plane_crash_deaths_annual_number,time
afg,0,1970
afg,0,1971
afg,0,1972
afg,0,1973
afg,0,1974
afg,0,1975
afg,0,1976
afg,0,1977
afg,0,1978
afg,0,1979
afg,0,1980
afg,0,1981
afg,0,1982
afg,0,1983
afg,0,1984
afg,0,1985
afg,0,1986
afg,0,1987
afg,0,1988
afg,61,1989
afg,102,1990
afg,30,1991
afg,0,1992
afg,76,1993
afg,0,1994
afg,0,1995
afg,0,1996
afg,14,1997
afg,45,1998
afg,0,1999
afg,0,2000
afg,22,2001
afg,0,2002
afg,0,2003
afg,0,2004
afg,122,2005
afg,26,2006
afg,0,2007
afg,0,2008
dza,0,1970
dza,0,1971
dza,0,1972
dza,0,1973
dza,0,1974
dza,0,1975
dza,0,1976
dza,0,1977
dza,0,1978
dza,0,1979
dza,0,1980
dza,0,1981
dza,0,1982
dza,0,1983
dza,0,1984
dza,0,1985
dza,0,1986
dza,0,1987
dza,0,1988
dza,0,1989
dza,0,1990
dza,0,1991
dza,0,1992
dza,0,1993
dza,0,1994
dza,0,1995
dza,0,1996
dza,0,1997
dza,0,1998
dza,0,1999
dza,0,2000
dza,0,2001
dza,0,2002
dza,119,2003
dza,0,2004
dza,0,2005
dza,0,2006
dza,0,2007
dza,0,2008
ago,0,1970
ago,0,1971
ago,0,1972
ago,0,1973
ago,0,1974
ago,0,1975
ago,0,1976
ago,0,1977
ago,0,1978
ago,0,1979
ago,0,1980
ago,0,1981
ago,0,1982
ago,126,1983
ago,0,1984
ago,0,1985
ago,0,1986
ago,0,1987
ago,26,1988
ago,0,1989
ago,25,1990
ago,58,1991
ago,0,1992
ago,0,1993
ago,0,1994
ago,185,1995
ago,0,1996
ago,0,1997
ago,14,1998
ago,28,1999
ago,135,2000
ago,56,2001
ago,50,2002
ago,0,2003
ago,0,2004
ago,0,2005
ago,18,2006
ago,0,2007
ago,25,2008
arg,0,1970
arg,0,1971
arg,0,1972
arg,0,1973
arg,0,1974
arg,0,1975
arg,0,1976
arg,0,1977
arg,0,1978
arg,0,1979
arg,0,1980
arg,0,1981
arg,0,1982
arg,0,1983
arg,0,1984
arg,0,1985
arg,0,1986
arg,0,1987
arg,22,1988
arg,0,1989
arg,0,1990
arg,0,1991
arg,0,1992
arg,0,1993
arg,0,1994
arg,53,1995
arg,0,1996
arg,0,1997
arg,0,1998
arg,71,1999
arg,11,2000
arg,10,2001
arg,0,2002
arg,0,2003
arg,0,2004
arg,10,2005
arg,0,2006
arg,0,2007
arg,0,2008
arm,0,1970
arm,0,1971
arm,0,1972
arm,0,1973
arm,0,1974
arm,0,1975
arm,0,1976
arm,0,1977
arm,0,1978
arm,0,1979
arm,0,1980
arm,0,1981
arm,0,1982
arm,0,1983
arm,0,1984
arm,0,1985
arm,0,1986
arm,0,1987
arm,0,1988
arm,0,1989
arm,0,1990
arm,0,1991
arm,0,1992
arm,35,1993
arm,0,1994
arm,0,1995
arm,0,1996
arm,0,1997
arm,0,1998
arm,0,1999
arm,0,2000
arm,0,2001
arm,0,2002
arm,0,2003
arm,0,2004
arm,0,2005
arm,0,2006
arm,0,2007
arm,0,2008
aus,0,1970
aus,0,1971
aus,0,1972
aus,0,1973
aus,0,1974
aus,0,1975
aus,0,1976
aus,0,1977
aus,0,1978
aus,0,1979
aus,0,1980
aus,0,1981
aus,0,1982
aus,0,1983
aus,0,1984
aus,0,1985
aus,0,1986
aus,0,1987
aus,0,1988
aus,13,1989
aus,10,1990
aus,0,1991
aus,0,1992
aus,0,1993
aus,0,1994
aus,0,1995
aus,18,1996
aus,0,1997
aus,0,1998
aus,0,1999
aus,0,2000
aus,0,2001
aus,0,2002
aus,0,2003
aus,0,2004
aus,15,2005
aus,0,2006
aus,0,2007
aus,0,2008
aut,0,1970
aut,0,1971
aut,0,1972
aut,0,1973
aut,0,1974
aut,0,1975
aut,0,1976
aut,0,1977
aut,0,1978
aut,0,1979
aut,0,1980
aut,0,1981
aut,0,1982
aut,0,1983
aut,0,1984
aut,0,1985
aut,0,1986
aut,0,1987
aut,0,1988
aut,11,1989
aut,0,1990
aut,0,1991
aut,0,1992
aut,0,1993
aut,0,1994
aut,0,1995
aut,0,1996
aut,0,1997
aut,0,1998
aut,0,1999
aut,0,2000
aut,0,2001
aut,0,2002
aut,0,2003
aut,0,2004
aut,0,2005
aut,0,2006
aut,0,2007
aut,0,2008
aze,0,1970
aze,0,1971
aze,0,1972
aze,0,1973
aze,0,1974
aze,0,1975
aze,0,1976
aze,0,1977
aze,0,1978
aze,0,1979
aze,0,1980
aze,0,1981
aze,0,1982
aze,0,1983
aze,0,1984
aze,0,1985
aze,0,1986
aze,0,1987
aze,0,1988
aze,0,1989
aze,0,1990
aze,0,1991
aze,29,1992
aze,0,1993
aze,32,1994
aze,49,1995
aze,0,1996
aze,20,1997
aze,0,1998
aze,0,1999
aze,0,2000
aze,0,2001
aze,0,2002
aze,0,2003
aze,0,2004
aze,23,2005
aze,0,2006
aze,0,2007
aze,0,2008
bhr,0,1970
bhr,0,1971
bhr,0,1972
bhr,0,1973
bhr,0,1974
bhr,0,1975
bhr,0,1976
bhr,0,1977
bhr,0,1978
bhr,0,1979
bhr,0,1980
bhr,0,1981
bhr,0,1982
bhr,0,1983
bhr,0,1984
bhr,0,1985
bhr,0,1986
bhr,0,1987
bhr,0,1988
bhr,0,1989
bhr,0,1990
bhr,0,1991
bhr,0,1992
bhr,0,1993
bhr,0,1994
bhr,0,1995
bhr,0,1996
bhr,0,1997
bhr,0,1998
bhr,0,1999
bhr,143,2000
bhr,0,2001
bhr,0,2002
bhr,0,2003
bhr,0,2004
bhr,0,2005
bhr,0,2006
bhr,0,2007
bhr,0,2008
bel,0,1970
bel,61,1971
bel,0,1972
bel,0,1973
bel,0,1974
bel,0,1975
bel,0,1976
bel,0,1977
bel,0,1978
bel,0,1979
bel,0,1980
bel,0,1981
bel,0,1982
bel,0,1983
bel,0,1984
bel,0,1985
bel,0,1986
bel,0,1987
bel,0,1988
bel,0,1989
bel,0,1990
bel,0,1991
bel,0,1992
bel,0,1993
bel,0,1994
bel,0,1995
bel,0,1996
bel,11,1997
bel,0,1998
bel,0,1999
bel,0,2000
bel,0,2001
bel,0,2002
bel,0,2003
bel,0,2004
bel,0,2005
bel,0,2006
bel,0,2007
bel,0,2008
ben,0,1970
ben,0,1971
ben,0,1972
ben,0,1973
ben,0,1974
ben,0,1975
ben,0,1976
ben,0,1977
ben,0,1978
ben,0,1979
ben,0,1980
ben,0,1981
ben,0,1982
ben,0,1983
ben,0,1984
ben,0,1985
ben,0,1986
ben,0,1987
ben,0,1988
ben,0,1989
ben,0,1990
ben,0,1991
ben,0,1992
ben,0,1993
ben,0,1994
ben,0,1995
ben,0,1996
ben,0,1997
ben,0,1998
ben,0,1999
ben,0,2000
ben,0,2001
ben,0,2002
ben,139,2003
ben,0,2004
ben,0,2005
ben,0,2006
ben,0,2007
ben,0,2008
bol,0,1970
bol,0,1971
bol,0,1972
bol,0,1973
bol,0,1974
bol,0,1975
bol,112,1976
bol,0,1977
bol,0,1978
bol,0,1979
bol,0,1980
bol,0,1981
bol,0,1982
bol,0,1983
bol,0,1984
bol,29,1985
bol,0,1986
bol,0,1987
bol,0,1988
bol,23,1989
bol,0,1990
bol,0,1991
bol,0,1992
bol,0,1993
bol,0,1994
bol,0,1995
bol,0,1996
bol,0,1997
bol,0,1998
bol,0,1999
bol,0,2000
bol,0,2001
bol,0,2002
bol,0,2003
bol,0,2004
bol,0,2005
bol,0,2006
bol,0,2007
bol,0,2008
bih,0,1970
bih,0,1971
bih,0,1972
bih,0,1973
bih,0,1974
bih,0,1975
bih,0,1976
bih,0,1977
bih,0,1978
bih,0,1979
bih,0,1980
bih,0,1981
bih,0,1982
bih,0,1983
bih,0,1984
bih,0,1985
bih,0,1986
bih,0,1987
bih,0,1988
bih,0,1989
bih,0,1990
bih,0,1991
bih,0,1992
bih,0,1993
bih,0,1994
bih,0,1995
bih,0,1996
bih,12,1997
bih,0,1998
bih,0,1999
bih,0,2000
bih,0,2001
bih,0,2002
bih,0,2003
bih,0,2004
bih,0,2005
bih,0,2006
bih,0,2007
bih,11,2008
bra,0,1970
bra,0,1971
bra,0,1972
bra,0,1973
bra,0,1974
bra,0,1975
bra,0,1976
bra,0,1977
bra,0,1978
bra,0,1979
bra,0,1980
bra,0,1981
bra,137,1982
bra,0,1983
bra,0,1984
bra,0,1985
bra,0,1986
bra,29,1987
bra,0,1988
bra,34,1989
bra,23,1990
bra,32,1991
bra,0,1992
bra,0,1993
bra,21,1994
bra,0,1995
bra,98,1996
bra,0,1997
bra,0,1998
bra,0,1999
bra,0,2000
bra,0,2001
bra,23,2002
bra,21,2003
bra,33,2004
bra,0,2005
bra,174,2006
bra,199,2007
bra,0,2008
bgr,0,1970
bgr,0,1971
bgr,0,1972
bgr,0,1973
bgr,0,1974
bgr,0,1975
bgr,0,1976
bgr,0,1977
bgr,0,1978
bgr,0,1979
bgr,0,1980
bgr,0,1981
bgr,0,1982
bgr,0,1983
bgr,50,1984
bgr,0,1985
bgr,0,1986
bgr,0,1987
bgr,25,1988
bgr,0,1989
bgr,0,1990
bgr,0,1991
bgr,0,1992
bgr,0,1993
bgr,0,1994
bgr,0,1995
bgr,0,1996
bgr,0,1997
bgr,0,1998
bgr,0,1999
bgr,0,2000
bgr,0,2001
bgr,0,2002
bgr,0,2003
bgr,0,2004
bgr,0,2005
bgr,0,2006
bgr,0,2007
bgr,0,2008
khm,0,1970
khm,0,1971
khm,0,1972
khm,0,1973
khm,0,1974
khm,0,1975
khm,0,1976
khm,0,1977
khm,0,1978
khm,0,1979
khm,0,1980
khm,0,1981
khm,0,1982
khm,0,1983
khm,0,1984
khm,0,1985
khm,0,1986
khm,0,1987
khm,0,1988
khm,0,1989
khm,0,1990
khm,0,1991
khm,0,1992
khm,0,1993
khm,0,1994
khm,0,1995
khm,24,1996
khm,64,1997
khm,0,1998
khm,0,1999
khm,0,2000
khm,0,2001
khm,0,2002
khm,0,2003
khm,0,2004
khm,0,2005
khm,0,2006
khm,22,2007
khm,0,2008
cmr,0,1970
cmr,0,1971
cmr,0,1972
cmr,0,1973
cmr,0,1974
cmr,0,1975
cmr,0,1976
cmr,0,1977
cmr,0,1978
cmr,0,1979
cmr,0,1980
cmr,0,1981
cmr,0,1982
cmr,0,1983
cmr,0,1984
cmr,0,1985
cmr,0,1986
cmr,0,1987
cmr,0,1988
cmr,0,1989
cmr,0,1990
cmr,0,1991
cmr,0,1992
cmr,0,1993
cmr,0,1994
cmr,74,1995
cmr,0,1996
cmr,0,1997
cmr,0,1998
cmr,0,1999
cmr,0,2000
cmr,0,2001
cmr,0,2002
cmr,0,2003
cmr,0,2004
cmr,0,2005
cmr,0,2006
cmr,0,2007
cmr,0,2008
can,109,1970
can,0,1971
can,0,1972
can,0,1973
can,32,1974
can,0,1975
can,0,1976
can,0,1977
can,43,1978
can,17,1979
can,0,1980
can,0,1981
can,0,1982
can,0,1983
can,0,1984
can,256,1985
can,0,1986
can,0,1987
can,0,1988
can,24,1989
can,0,1990
can,0,1991
can,0,1992
can,0,1993
can,0,1994
can,0,1995
can,0,1996
can,0,1997
can,241,1998
can,0,1999
can,0,2000
can,0,2001
can,0,2002
can,0,2003
can,10,2004
can,0,2005
can,0,2006
can,0,2007
can,0,2008
cpv,0,1970
cpv,0,1971
cpv,0,1972
cpv,0,1973
cpv,0,1974
cpv,0,1975
cpv,0,1976
cpv,0,1977
cpv,0,1978
cpv,0,1979
cpv,0,1980
cpv,0,1981
cpv,0,1982
cpv,0,1983
cpv,0,1984
cpv,0,1985
cpv,0,1986
cpv,0,1987
cpv,0,1988
cpv,0,1989
cpv,0,1990
cpv,0,1991
cpv,0,1992
cpv,0,1993
cpv,0,1994
cpv,0,1995
cpv,0,1996
cpv,0,1997
cpv,0,1998
cpv,18,1999
cpv,0,2000
cpv,0,2001
cpv,0,2002
cpv,0,2003
cpv,0,2004
cpv,0,2005
cpv,0,2006
cpv,0,2007
cpv,0,2008
caf,0,1970
caf,0,1971
caf,0,1972
caf,0,1973
caf,0,1974
caf,0,1975
caf,0,1976
caf,0,1977
caf,0,1978
caf,0,1979
caf,0,1980
caf,0,1981
caf,0,1982
caf,0,1983
caf,0,1984
caf,0,1985
caf,31,1986
caf,0,1987
caf,0,1988
caf,0,1989
caf,0,1990
caf,0,1991
caf,0,1992
caf,0,1993
caf,0,1994
caf,0,1995
caf,0,1996
caf,0,1997
caf,0,1998
caf,0,1999
caf,0,2000
caf,0,2001
caf,23,2002
caf,0,2003
caf,0,2004
caf,0,2005
caf,0,2006
caf,0,2007
caf,0,2008
chl,0,1970
chl,0,1971
chl,0,1972
chl,0,1973
chl,0,1974
chl,0,1975
chl,0,1976
chl,0,1977
chl,0,1978
chl,0,1979
chl,0,1980
chl,0,1981
chl,0,1982
chl,0,1983
chl,0,1984
chl,0,1985
chl,0,1986
chl,0,1987
chl,0,1988
chl,0,1989
chl,0,1990
chl,20,1991
chl,0,1992
chl,0,1993
chl,0,1994
chl,0,1995
chl,0,1996
chl,0,1997
chl,0,1998
chl,0,1999
chl,0,2000
chl,0,2001
chl,0,2002
chl,0,2003
chl,0,2004
chl,0,2005
chl,0,2006
chl,0,2007
chl,10,2008
chn,0,1970
chn,0,1971
chn,0,1972
chn,0,1973
chn,0,1974
chn,0,1975
chn,0,1976
chn,0,1977
chn,0,1978
chn,0,1979
chn,0,1980
chn,0,1981
chn,112,1982
chn,10,1983
chn,0,1984
chn,38,1985
chn,0,1986
chn,0,1987
chn,150,1988
chn,34,1989
chn,127,1990
chn,0,1991
chn,274,1992
chn,67,1993
chn,160,1994
chn,0,1995
chn,0,1996
chn,35,1997
chn,0,1998
chn,61,1999
chn,44,2000
chn,0,2001
chn,112,2002
chn,0,2003
chn,55,2004
chn,0,2005
chn,40,2006
chn,0,2007
chn,0,2008
col,0,1970
col,0,1971
col,0,1972
col,0,1973
col,0,1974
col,0,1975
col,0,1976
col,0,1977
col,0,1978
col,0,1979
col,0,1980
col,0,1981
col,0,1982
col,16,1983
col,0,1984
col,39,1985
col,0,1986
col,0,1987
col,137,1988
col,110,1989
col,72,1990
col,10,1991
col,0,1992
col,132,1993
col,0,1994
col,232,1995
col,14,1996
col,0,1997
col,53,1998
col,0,1999
col,13,2000
col,16,2001
col,92,2002
col,0,2003
col,0,2004
col,20,2005
col,0,2006
col,0,2007
col,0,2008
com,0,1970
com,0,1971
com,0,1972
com,0,1973
com,0,1974
com,0,1975
com,0,1976
com,0,1977
com,0,1978
com,0,1979
com,0,1980
com,0,1981
com,0,1982
com,0,1983
com,0,1984
com,0,1985
com,0,1986
com,0,1987
com,0,1988
com,0,1989
com,0,1990
com,0,1991
com,0,1992
com,0,1993
com,0,1994
com,0,1995
com,127,1996
com,0,1997
com,0,1998
com,0,1999
com,0,2000
com,0,2001
com,0,2002
com,0,2003
com,0,2004
com,0,2005
com,0,2006
com,0,2007
com,0,2008
cod,0,1970
cod,0,1971
cod,0,1972
cod,0,1973
cod,0,1974
cod,0,1975
cod,0,1976
cod,0,1977
cod,0,1978
cod,0,1979
cod,0,1980
cod,0,1981
cod,0,1982
cod,0,1983
cod,0,1984
cod,0,1985
cod,0,1986
cod,0,1987
cod,0,1988
cod,0,1989
cod,23,1990
cod,0,1991
cod,37,1992
cod,0,1993
cod,0,1994
cod,0,1995
cod,432,1996
cod,46,1997
cod,0,1998
cod,0,1999
cod,47,2000
cod,0,2001
cod,0,2002
cod,173,2003
cod,0,2004
cod,48,2005
cod,17,2006
cod,63,2007
cod,53,2008
cog,0,1970
cog,0,1971
cog,0,1972
cog,0,1973
cog,0,1974
cog,0,1975
cog,0,1976
cog,0,1977
cog,0,1978
cog,0,1979
cog,0,1980
cog,0,1981
cog,0,1982
cog,0,1983
cog,0,1984
cog,0,1985
cog,0,1986
cog,0,1987
cog,0,1988
cog,0,1989
cog,23,1990
cog,0,1991
cog,0,1992
cog,0,1993
cog,0,1994
cog,0,1995
cog,0,1996
cog,0,1997
cog,0,1998
cog,0,1999
cog,0,2000
cog,0,2001
cog,0,2002
cog,0,2003
cog,0,2004
cog,12,2005
cog,0,2006
cog,0,2007
cog,0,2008
cri,0,1970
cri,0,1971
cri,0,1972
cri,0,1973
cri,0,1974
cri,0,1975
cri,0,1976
cri,0,1977
cri,0,1978
cri,0,1979
cri,0,1980
cri,0,1981
cri,0,1982
cri,0,1983
cri,0,1984
cri,0,1985
cri,0,1986
cri,0,1987
cri,0,1988
cri,0,1989
cri,23,1990
cri,0,1991
cri,0,1992
cri,0,1993
cri,0,1994
cri,0,1995
cri,0,1996
cri,0,1997
cri,0,1998
cri,0,1999
cri,10,2000
cri,0,2001
cri,0,2002
cri,0,2003
cri,0,2004
cri,0,2005
cri,0,2006
cri,0,2007
cri,0,2008
civ,0,1970
civ,0,1971
civ,0,1972
civ,0,1973
civ,0,1974
civ,0,1975
civ,0,1976
civ,0,1977
civ,0,1978
civ,0,1979
civ,0,1980
civ,0,1981
civ,0,1982
civ,0,1983
civ,0,1984
civ,0,1985
civ,0,1986
civ,51,1987
civ,0,1988
civ,0,1989
civ,0,1990
civ,0,1991
civ,0,1992
civ,0,1993
civ,16,1994
civ,0,1995
civ,0,1996
civ,0,1997
civ,0,1998
civ,0,1999
civ,169,2000
civ,0,2001
civ,0,2002
civ,0,2003
civ,0,2004
civ,0,2005
civ,0,2006
civ,0,2007
civ,0,2008
hrv,0,1970
hrv,0,1971
hrv,0,1972
hrv,0,1973
hrv,0,1974
hrv,0,1975
hrv,0,1976
hrv,0,1977
hrv,0,1978
hrv,0,1979
hrv,0,1980
hrv,0,1981
hrv,0,1982
hrv,0,1983
hrv,0,1984
hrv,0,1985
hrv,0,1986
hrv,0,1987
hrv,0,1988
hrv,0,1989
hrv,0,1990
hrv,0,1991
hrv,0,1992
hrv,0,1993
hrv,0,1994
hrv,0,1995
hrv,35,1996
hrv,0,1997
hrv,0,1998
hrv,0,1999
hrv,0,2000
hrv,0,2001
hrv,0,2002
hrv,0,2003
hrv,0,2004
hrv,0,2005
hrv,0,2006
hrv,0,2007
hrv,0,2008
cub,0,1970
cub,0,1971
cub,0,1972
cub,0,1973
cub,0,1974
cub,0,1975
cub,0,1976
cub,0,1977
cub,0,1978
cub,0,1979
cub,0,1980
cub,0,1981
cub,0,1982
cub,0,1983
cub,0,1984
cub,0,1985
cub,0,1986
cub,0,1987
cub,0,1988
cub,170,1989
cub,0,1990
cub,0,1991
cub,0,1992
cub,0,1993
cub,0,1994
cub,0,1995
cub,0,1996
cub,44,1997
cub,0,1998
cub,0,1999
cub,0,2000
cub,0,2001
cub,16,2002
cub,0,2003
cub,0,2004
cub,0,2005
cub,0,2006
cub,0,2007
cub,0,2008
dnk,0,1970
dnk,0,1971
dnk,0,1972
dnk,0,1973
dnk,0,1974
dnk,0,1975
dnk,0,1976
dnk,0,1977
dnk,0,1978
dnk,0,1979
dnk,0,1980
dnk,0,1981
dnk,0,1982
dnk,0,1983
dnk,0,1984
dnk,0,1985
dnk,0,1986
dnk,0,1987
dnk,0,1988
dnk,55,1989
dnk,0,1990
dnk,0,1991
dnk,0,1992
dnk,0,1993
dnk,0,1994
dnk,0,1995
dnk,0,1996
dnk,0,1997
dnk,0,1998
dnk,0,1999
dnk,0,2000
dnk,0,2001
dnk,0,2002
dnk,0,2003
dnk,0,2004
dnk,0,2005
dnk,0,2006
dnk,0,2007
dnk,0,2008
dma,0,1970
dma,0,1971
dma,0,1972
dma,0,1973
dma,0,1974
dma,0,1975
dma,0,1976
dma,0,1977
dma,0,1978
dma,0,1979
dma,0,1980
dma,0,1981
dma,0,1982
dma,0,1983
dma,0,1984
dma,0,1985
dma,0,1986
dma,0,1987
dma,0,1988
dma,0,1989
dma,0,1990
dma,0,1991
dma,0,1992
dma,0,1993
dma,0,1994
dma,0,1995
dma,0,1996
dma,0,1997
dma,11,1998
dma,0,1999
dma,0,2000
dma,0,2001
dma,0,2002
dma,0,2003
dma,0,2004
dma,0,2005
dma,0,2006
dma,0,2007
dma,0,2008
dom,0,1970
dom,0,1971
dom,0,1972
dom,0,1973
dom,0,1974
dom,0,1975
dom,0,1976
dom,0,1977
dom,0,1978
dom,0,1979
dom,0,1980
dom,0,1981
dom,0,1982
dom,0,1983
dom,0,1984
dom,0,1985
dom,0,1986
dom,0,1987
dom,0,1988
dom,0,1989
dom,0,1990
dom,0,1991
dom,34,1992
dom,0,1993
dom,0,1994
dom,0,1995
dom,189,1996
dom,0,1997
dom,0,1998
dom,0,1999
dom,0,2000
dom,0,2001
dom,0,2002
dom,0,2003
dom,0,2004
dom,0,2005
dom,0,2006
dom,0,2007
dom,0,2008
deu_east,0,1970
deu_east,0,1971
deu_east,156,1972
deu_east,0,1973
deu_east,0,1974
deu_east,0,1975
deu_east,0,1976
deu_east,0,1977
deu_east,0,1978
deu_east,0,1979
deu_east,0,1980
deu_east,0,1981
deu_east,0,1982
deu_east,0,1983
deu_east,0,1984
deu_east,0,1985
deu_east,71,1986
deu_east,0,1987
deu_east,0,1988
deu_east,21,1989
deu_east,0,1990
deu_east,0,1991
deu_east,0,1992
deu_east,0,1993
deu_east,0,1994
deu_east,0,1995
deu_east,0,1996
deu_east,0,1997
deu_east,0,1998
deu_east,0,1999
deu_east,0,2000
deu_east,0,2001
deu_east,0,2002
deu_east,0,2003
deu_east,0,2004
deu_east,0,2005
deu_east,0,2006
deu_east,0,2007
deu_east,0,2008
ecu,0,1970
ecu,0,1971
ecu,0,1972
ecu,0,1973
ecu,0,1974
ecu,0,1975
ecu,0,1976
ecu,0,1977
ecu,0,1978
ecu,0,1979
ecu,0,1980
ecu,0,1981
ecu,0,1982
ecu,119,1983
ecu,60,1984
ecu,0,1985
ecu,0,1986
ecu,0,1987
ecu,0,1988
ecu,0,1989
ecu,0,1990
ecu,22,1991
ecu,0,1992
ecu,0,1993
ecu,0,1994
ecu,0,1995
ecu,33,1996
ecu,0,1997
ecu,91,1998
ecu,0,1999
ecu,0,2000
ecu,0,2001
ecu,26,2002
ecu,0,2003
ecu,0,2004
ecu,0,2005
ecu,0,2006
ecu,0,2007
ecu,0,2008
egy,0,1970
egy,0,1971
egy,0,1972
egy,0,1973
egy,0,1974
egy,0,1975
egy,0,1976
egy,0,1977
egy,0,1978
egy,0,1979
egy,0,1980
egy,0,1981
egy,0,1982
egy,0,1983
egy,21,1984
egy,0,1985
egy,23,1986
egy,0,1987
egy,0,1988
egy,0,1989
egy,0,1990
egy,0,1991
egy,0,1992
egy,0,1993
egy,0,1994
egy,0,1995
egy,0,1996
egy,0,1997
egy,0,1998
egy,0,1999
egy,0,2000
egy,0,2001
egy,0,2002
egy,0,2003
egy,148,2004
egy,0,2005
egy,0,2006
egy,0,2007
egy,0,2008
slv,0,1970
slv,0,1971
slv,0,1972
slv,0,1973
slv,0,1974
slv,0,1975
slv,0,1976
slv,0,1977
slv,0,1978
slv,0,1979
slv,0,1980
slv,0,1981
slv,0,1982
slv,0,1983
slv,0,1984
slv,0,1985
slv,37,1986
slv,0,1987
slv,0,1988
slv,0,1989
slv,0,1990
slv,0,1991
slv,0,1992
slv,0,1993
slv,0,1994
slv,65,1995
slv,0,1996
slv,0,1997
slv,0,1998
slv,0,1999
slv,0,2000
slv,0,2001
slv,0,2002
slv,0,2003
slv,0,2004
slv,0,2005
slv,0,2006
slv,0,2007
slv,0,2008
gnq,0,1970
gnq,0,1971
gnq,0,1972
gnq,0,1973
gnq,0,1974
gnq,0,1975
gnq,0,1976
gnq,0,1977
gnq,0,1978
gnq,0,1979
gnq,0,1980
gnq,0,1981
gnq,0,1982
gnq,0,1983
gnq,0,1984
gnq,0,1985
gnq,0,1986
gnq,15,1987
gnq,0,1988
gnq,0,1989
gnq,0,1990
gnq,0,1991
gnq,0,1992
gnq,0,1993
gnq,0,1994
gnq,0,1995
gnq,0,1996
gnq,0,1997
gnq,0,1998
gnq,0,1999
gnq,0,2000
gnq,0,2001
gnq,0,2002
gnq,0,2003
gnq,0,2004
gnq,80,2005
gnq,0,2006
gnq,0,2007
gnq,13,2008
eth,0,1970
eth,0,1971
eth,0,1972
eth,0,1973
eth,0,1974
eth,0,1975
eth,0,1976
eth,0,1977
eth,0,1978
eth,0,1979
eth,0,1980
eth,0,1981
eth,0,1982
eth,0,1983
eth,0,1984
eth,0,1985
eth,0,1986
eth,54,1987
eth,31,1988
eth,0,1989
eth,0,1990
eth,0,1991
eth,0,1992
eth,0,1993
eth,0,1994
eth,0,1995
eth,9,1996
eth,0,1997
eth,0,1998
eth,0,1999
eth,0,2000
eth,0,2001
eth,0,2002
eth,0,2003
eth,0,2004
eth,0,2005
eth,0,2006
eth,0,2007
eth,0,2008
fji,0,1970
fji,0,1971
fji,0,1972
fji,0,1973
fji,0,1974
fji,0,1975
fji,0,1976
fji,0,1977
fji,0,1978
fji,0,1979
fji,0,1980
fji,0,1981
fji,0,1982
fji,0,1983
fji,0,1984
fji,0,1985
fji,0,1986
fji,0,1987
fji,0,1988
fji,0,1989
fji,0,1990
fji,0,1991
fji,0,1992
fji,0,1993
fji,0,1994
fji,0,1995
fji,0,1996
fji,0,1997
fji,0,1998
fji,17,1999
fji,0,2000
fji,0,2001
fji,0,2002
fji,0,2003
fji,0,2004
fji,0,2005
fji,0,2006
fji,0,2007
fji,0,2008
fra,0,1970
fra,0,1971
fra,60,1972
fra,191,1973
fra,346,1974
fra,0,1975
fra,0,1976
fra,0,1977
fra,0,1978
fra,0,1979
fra,0,1980
fra,180,1981
fra,0,1982
fra,0,1983
fra,0,1984
fra,0,1985
fra,0,1986
fra,16,1987
fra,23,1988
fra,22,1989
fra,0,1990
fra,10,1991
fra,87,1992
fra,0,1993
fra,0,1994
fra,10,1995
fra,0,1996
fra,0,1997
fra,23,1998
fra,0,1999
fra,114,2000
fra,0,2001
fra,0,2002
fra,0,2003
fra,0,2004
fra,0,2005
fra,0,2006
fra,0,2007
fra,0,2008
pyf,0,1970
pyf,0,1971
pyf,0,1972
pyf,0,1973
pyf,0,1974
pyf,0,1975
pyf,0,1976
pyf,0,1977
pyf,0,1978
pyf,0,1979
pyf,0,1980
pyf,0,1981
pyf,0,1982
pyf,0,1983
pyf,0,1984
pyf,0,1985
pyf,0,1986
pyf,0,1987
pyf,0,1988
pyf,0,1989
pyf,0,1990
pyf,0,1991
pyf,0,1992
pyf,0,1993
pyf,0,1994
pyf,0,1995
pyf,0,1996
pyf,0,1997
pyf,0,1998
pyf,0,1999
pyf,0,2000
pyf,0,2001
pyf,0,2002
pyf,0,2003
pyf,0,2004
pyf,0,2005
pyf,0,2006
pyf,20,2007
pyf,0,2008
gab,0,1970
gab,0,1971
gab,0,1972
gab,0,1973
gab,0,1974
gab,0,1975
gab,0,1976
gab,0,1977
gab,0,1978
gab,0,1979
gab,0,1980
gab,0,1981
gab,0,1982
gab,0,1983
gab,0,1984
gab,0,1985
gab,0,1986
gab,0,1987
gab,0,1988
gab,0,1989
gab,0,1990
gab,0,1991
gab,0,1992
gab,30,1993
gab,0,1994
gab,0,1995
gab,0,1996
gab,0,1997
gab,0,1998
gab,0,1999
gab,0,2000
gab,0,2001
gab,0,2002
gab,0,2003
gab,19,2004
gab,0,2005
gab,0,2006
gab,0,2007
gab,0,2008
geo,0,1970
geo,0,1971
geo,0,1972
geo,0,1973
geo,0,1974
geo,0,1975
geo,0,1976
geo,0,1977
geo,0,1978
geo,0,1979
geo,0,1980
geo,0,1981
geo,0,1982
geo,0,1983
geo,0,1984
geo,0,1985
geo,0,1986
geo,0,1987
geo,0,1988
geo,0,1989
geo,0,1990
geo,0,1991
geo,28,1992
geo,41,1993
geo,0,1994
geo,0,1995
geo,0,1996
geo,0,1997
geo,0,1998
geo,0,1999
geo,82,2000
geo,0,2001
geo,0,2002
geo,0,2003
geo,0,2004
geo,0,2005
geo,0,2006
geo,0,2007
geo,0,2008
deu,0,1970
deu,0,1971
deu,0,1972
deu,0,1973
deu,0,1974
deu,0,1975
deu,0,1976
deu,0,1977
deu,0,1978
deu,0,1979
deu,0,1980
deu,0,1981
deu,0,1982
deu,0,1983
deu,0,1984
deu,0,1985
deu,0,1986
deu,0,1987
deu,0,1988
deu,0,1989
deu,0,1990
deu,28,1991
deu,0,1992
deu,0,1993
deu,0,1994
deu,0,1995
deu,23,1996
deu,0,1997
deu,0,1998
deu,0,1999
deu,0,2000
deu,0,2001
deu,71,2002
deu,0,2003
deu,0,2004
deu,0,2005
deu,0,2006
deu,0,2007
deu,0,2008
grc,0,1970
grc,0,1971
grc,0,1972
grc,0,1973
grc,0,1974
grc,0,1975
grc,0,1976
grc,0,1977
grc,0,1978
grc,0,1979
grc,0,1980
grc,0,1981
grc,0,1982
grc,0,1983
grc,0,1984
grc,0,1985
grc,0,1986
grc,0,1987
grc,0,1988
grc,34,1989
grc,0,1990
grc,66,1991
grc,0,1992
grc,0,1993
grc,10,1994
grc,0,1995
grc,0,1996
grc,75,1997
grc,0,1998
grc,0,1999
grc,0,2000
grc,0,2001
grc,0,2002
grc,0,2003
grc,17,2004
grc,121,2005
grc,0,2006
grc,0,2007
grc,0,2008
glp,0,1970
glp,0,1971
glp,0,1972
glp,0,1973
glp,0,1974
glp,0,1975
glp,0,1976
glp,0,1977
glp,0,1978
glp,0,1979
glp,0,1980
glp,0,1981
glp,0,1982
glp,0,1983
glp,0,1984
glp,0,1985
glp,0,1986
glp,0,1987
glp,0,1988
glp,0,1989
glp,0,1990
glp,0,1991
glp,0,1992
glp,0,1993
glp,0,1994
glp,0,1995
glp,0,1996
glp,0,1997
glp,0,1998
glp,0,1999
glp,0,2000
glp,20,2001
glp,0,2002
glp,0,2003
glp,0,2004
glp,0,2005
glp,0,2006
glp,0,2007
glp,0,2008
gum,0,1970
gum,0,1971
gum,0,1972
gum,0,1973
gum,0,1974
gum,0,1975
gum,0,1976
gum,0,1977
gum,0,1978
gum,0,1979
gum,0,1980
gum,0,1981
gum,0,1982
gum,0,1983
gum,0,1984
gum,0,1985
gum,0,1986
gum,0,1987
gum,0,1988
gum,0,1989
gum,0,1990
gum,0,1991
gum,0,1992
gum,0,1993
gum,0,1994
gum,0,1995
gum,0,1996
gum,228,1997
gum,0,1998
gum,0,1999
gum,0,2000
gum,0,2001
gum,0,2002
gum,0,2003
gum,0,2004
gum,0,2005
gum,0,2006
gum,0,2007
gum,0,2008
gtm,0,1970
gtm,0,1971
gtm,0,1972
gtm,0,1973
gtm,0,1974
gtm,0,1975
gtm,0,1976
gtm,0,1977
gtm,0,1978
gtm,0,1979
gtm,0,1980
gtm,0,1981
gtm,0,1982
gtm,0,1983
gtm,0,1984
gtm,0,1985
gtm,94,1986
gtm,0,1987
gtm,0,1988
gtm,0,1989
gtm,23,1990
gtm,0,1991
gtm,0,1992
gtm,0,1993
gtm,0,1994
gtm,0,1995
gtm,16,1996
gtm,0,1997
gtm,0,1998
gtm,23,1999
gtm,0,2000
gtm,0,2001
gtm,0,2002
gtm,0,2003
gtm,0,2004
gtm,0,2005
gtm,0,2006
gtm,0,2007
gtm,0,2008
hti,0,1970
hti,0,1971
hti,0,1972
hti,0,1973
hti,0,1974
hti,0,1975
hti,0,1976
hti,0,1977
hti,0,1978
hti,0,1979
hti,0,1980
hti,0,1981
hti,0,1982
hti,0,1983
hti,0,1984
hti,0,1985
hti,0,1986
hti,0,1987
hti,0,1988
hti,0,1989
hti,0,1990
hti,0,1991
hti,0,1992
hti,0,1993
hti,0,1994
hti,0,1995
hti,11,1996
hti,0,1997
hti,0,1998
hti,13,1999
hti,0,2000
hti,0,2001
hti,0,2002
hti,21,2003
hti,0,2004
hti,0,2005
hti,0,2006
hti,0,2007
hti,0,2008
hnd,0,1970
hnd,0,1971
hnd,0,1972
hnd,0,1973
hnd,0,1974
hnd,0,1975
hnd,0,1976
hnd,0,1977
hnd,0,1978
hnd,0,1979
hnd,0,1980
hnd,0,1981
hnd,0,1982
hnd,0,1983
hnd,0,1984
hnd,21,1985
hnd,50,1986
hnd,0,1987
hnd,0,1988
hnd,141,1989
hnd,0,1990
hnd,0,1991
hnd,0,1992
hnd,0,1993
hnd,0,1994
hnd,0,1995
hnd,0,1996
hnd,0,1997
hnd,0,1998
hnd,0,1999
hnd,0,2000
hnd,0,2001
hnd,0,2002
hnd,0,2003
hnd,0,2004
hnd,0,2005
hnd,0,2006
hnd,0,2007
hnd,0,2008
hkg,0,1970
hkg,0,1971
hkg,0,1972
hkg,0,1973
hkg,0,1974
hkg,0,1975
hkg,0,1976
hkg,0,1977
hkg,0,1978
hkg,0,1979
hkg,0,1980
hkg,0,1981
hkg,0,1982
hkg,0,1983
hkg,0,1984
hkg,0,1985
hkg,0,1986
hkg,0,1987
hkg,0,1988
hkg,0,1989
hkg,130,1990
hkg,0,1991
hkg,0,1992
hkg,0,1993
hkg,0,1994
hkg,0,1995
hkg,0,1996
hkg,0,1997
hkg,0,1998
hkg,3,1999
hkg,0,2000
hkg,0,2001
hkg,0,2002
hkg,0,2003
hkg,0,2004
hkg,0,2005
hkg,0,2006
hkg,0,2007
hkg,0,2008
hun,0,1970
hun,0,1971
hun,0,1972
hun,0,1973
hun,0,1974
hun,0,1975
hun,0,1976
hun,0,1977
hun,0,1978
hun,0,1979
hun,0,1980
hun,0,1981
hun,0,1982
hun,0,1983
hun,0,1984
hun,0,1985
hun,0,1986
hun,0,1987
hun,0,1988
hun,0,1989
hun,0,1990
hun,0,1991
hun,0,1992
hun,0,1993
hun,0,1994
hun,0,1995
hun,0,1996
hun,0,1997
hun,0,1998
hun,0,1999
hun,0,2000
hun,0,2001
hun,0,2002
hun,0,2003
hun,0,2004
hun,0,2005
hun,42,2006
hun,0,2007
hun,0,2008
ind,0,1970
ind,0,1971
ind,0,1972
ind,0,1973
ind,0,1974
ind,0,1975
ind,0,1976
ind,0,1977
ind,213,1978
ind,0,1979
ind,0,1980
ind,0,1981
ind,0,1982
ind,0,1983
ind,0,1984
ind,0,1985
ind,0,1986
ind,0,1987
ind,164,1988
ind,11,1989
ind,147,1990
ind,97,1991
ind,0,1992
ind,56,1993
ind,13,1994
ind,0,1995
ind,373,1996
ind,0,1997
ind,0,1998
ind,23,1999
ind,56,2000
ind,0,2001
ind,15,2002
ind,27,2003
ind,0,2004
ind,0,2005
ind,0,2006
ind,0,2007
ind,0,2008
idn,0,1970
idn,0,1971
idn,0,1972
idn,0,1973
idn,0,1974
idn,0,1975
idn,0,1976
idn,0,1977
idn,0,1978
idn,0,1979
idn,0,1980
idn,0,1981
idn,0,1982
idn,0,1983
idn,0,1984
idn,0,1985
idn,0,1986
idn,25,1987
idn,0,1988
idn,22,1989
idn,0,1990
idn,146,1991
idn,101,1992
idn,74,1993
idn,22,1994
idn,0,1995
idn,32,1996
idn,379,1997
idn,11,1998
idn,0,1999
idn,0,2000
idn,0,2001
idn,9,2002
idn,0,2003
idn,39,2004
idn,165,2005
idn,12,2006
idn,124,2007
idn,0,2008
irn,0,1970
irn,0,1971
irn,0,1972
irn,0,1973
irn,0,1974
irn,0,1975
irn,0,1976
irn,0,1977
irn,0,1978
irn,0,1979
irn,128,1980
irn,0,1981
irn,0,1982
irn,0,1983
irn,0,1984
irn,0,1985
irn,103,1986
irn,0,1987
irn,290,1988
irn,0,1989
irn,0,1990
irn,0,1991
irn,39,1992
irn,134,1993
irn,198,1994
irn,0,1995
irn,0,1996
irn,88,1997
irn,0,1998
irn,0,1999
irn,10,2000
irn,42,2001
irn,162,2002
irn,275,2003
irn,0,2004
irn,116,2005
irn,78,2006
irn,0,2007
irn,0,2008
irq,0,1970
irq,0,1971
irq,0,1972
irq,0,1973
irq,0,1974
irq,0,1975
irq,0,1976
irq,0,1977
irq,0,1978
irq,0,1979
irq,0,1980
irq,0,1981
irq,0,1982
irq,0,1983
irq,0,1984
irq,0,1985
irq,0,1986
irq,0,1987
irq,0,1988
irq,0,1989
irq,0,1990
irq,0,1991
irq,0,1992
irq,0,1993
irq,0,1994
irq,0,1995
irq,0,1996
irq,0,1997
irq,0,1998
irq,0,1999
irq,0,2000
irq,0,2001
irq,0,2002
irq,0,2003
irq,0,2004
irq,0,2005
irq,12,2006
irq,46,2007
irq,0,2008
irl,0,1970
irl,0,1971
irl,0,1972
irl,0,1973
irl,0,1974
irl,0,1975
irl,0,1976
irl,0,1977
irl,0,1978
irl,0,1979
irl,0,1980
irl,0,1981
irl,0,1982
irl,0,1983
irl,0,1984
irl,329,1985
irl,0,1986
irl,0,1987
irl,0,1988
irl,0,1989
irl,0,1990
irl,0,1991
irl,0,1992
irl,0,1993
irl,29,1994
irl,0,1995
irl,0,1996
irl,0,1997
irl,0,1998
irl,0,1999
irl,0,2000
irl,0,2001
irl,0,2002
irl,0,2003
irl,0,2004
irl,0,2005
irl,0,2006
irl,0,2007
irl,0,2008
isr,0,1970
isr,0,1971
isr,0,1972
isr,0,1973
isr,0,1974
isr,0,1975
isr,0,1976
isr,0,1977
isr,0,1978
isr,0,1979
isr,0,1980
isr,0,1981
isr,0,1982
isr,0,1983
isr,0,1984
isr,0,1985
isr,0,1986
isr,0,1987
isr,0,1988
isr,0,1989
isr,0,1990
isr,0,1991
isr,0,1992
isr,0,1993
isr,0,1994
isr,0,1995
isr,0,1996
isr,73,1997
isr,0,1998
isr,0,1999
isr,0,2000
isr,0,2001
isr,0,2002
isr,0,2003
isr,0,2004
isr,0,2005
isr,0,2006
isr,0,2007
isr,0,2008
ita,0,1970
ita,0,1971
ita,0,1972
ita,0,1973
ita,0,1974
ita,0,1975
ita,0,1976
ita,0,1977
ita,0,1978
ita,0,1979
ita,0,1980
ita,0,1981
ita,0,1982
ita,0,1983
ita,0,1984
ita,0,1985
ita,0,1986
ita,37,1987
ita,32,1988
ita,0,1989
ita,12,1990
ita,0,1991
ita,0,1992
ita,0,1993
ita,0,1994
ita,49,1995
ita,0,1996
ita,0,1997
ita,0,1998
ita,0,1999
ita,0,2000
ita,118,2001
ita,0,2002
ita,0,2003
ita,0,2004
ita,16,2005
ita,0,2006
ita,0,2007
ita,0,2008
jpn,0,1970
jpn,162,1971
jpn,0,1972
jpn,0,1973
jpn,0,1974
jpn,0,1975
jpn,0,1976
jpn,0,1977
jpn,0,1978
jpn,0,1979
jpn,0,1980
jpn,0,1981
jpn,24,1982
jpn,0,1983
jpn,0,1984
jpn,520,1985
jpn,0,1986
jpn,0,1987
jpn,0,1988
jpn,14,1989
jpn,0,1990
jpn,0,1991
jpn,0,1992
jpn,0,1993
jpn,264,1994
jpn,0,1995
jpn,3,1996
jpn,0,1997
jpn,0,1998
jpn,0,1999
jpn,0,2000
jpn,0,2001
jpn,0,2002
jpn,0,2003
jpn,0,2004
jpn,0,2005
jpn,0,2006
jpn,0,2007
jpn,0,2008
jor,0,1970
jor,0,1971
jor,0,1972
jor,0,1973
jor,0,1974
jor,0,1975
jor,0,1976
jor,0,1977
jor,0,1978
jor,0,1979
jor,0,1980
jor,0,1981
jor,0,1982
jor,0,1983
jor,0,1984
jor,0,1985
jor,0,1986
jor,0,1987
jor,0,1988
jor,0,1989
jor,0,1990
jor,0,1991
jor,0,1992
jor,0,1993
jor,0,1994
jor,0,1995
jor,0,1996
jor,0,1997
jor,0,1998
jor,0,1999
jor,14,2000
jor,0,2001
jor,0,2002
jor,0,2003
jor,0,2004
jor,0,2005
jor,0,2006
jor,0,2007
jor,0,2008
kaz,0,1970
kaz,0,1971
kaz,0,1972
kaz,0,1973
kaz,0,1974
kaz,0,1975
kaz,0,1976
kaz,0,1977
kaz,0,1978
kaz,0,1979
kaz,0,1980
kaz,0,1981
kaz,0,1982
kaz,0,1983
kaz,0,1984
kaz,0,1985
kaz,0,1986
kaz,0,1987
kaz,0,1988
kaz,0,1989
kaz,0,1990
kaz,0,1991
kaz,0,1992
kaz,0,1993
kaz,37,1994
kaz,0,1995
kaz,0,1996
kaz,0,1997
kaz,0,1998
kaz,0,1999
kaz,0,2000
kaz,0,2001
kaz,0,2002
kaz,0,2003
kaz,0,2004
kaz,0,2005
kaz,0,2006
kaz,0,2007
kaz,0,2008
ken,0,1970
ken,0,1971
ken,0,1972
ken,0,1973
ken,59,1974
ken,0,1975
ken,0,1976
ken,0,1977
ken,0,1978
ken,0,1979
ken,0,1980
ken,0,1981
ken,0,1982
ken,0,1983
ken,0,1984
ken,0,1985
ken,0,1986
ken,0,1987
ken,0,1988
ken,0,1989
ken,10,1990
ken,0,1991
ken,50,1992
ken,0,1993
ken,0,1994
ken,0,1995
ken,0,1996
ken,0,1997
ken,0,1998
ken,0,1999
ken,0,2000
ken,0,2001
ken,0,2002
ken,14,2003
ken,0,2004
ken,0,2005
ken,14,2006
ken,0,2007
ken,0,2008
kor,0,1970
kor,0,1971
kor,0,1972
kor,0,1973
kor,0,1974
kor,0,1975
kor,0,1976
kor,0,1977
kor,0,1978
kor,0,1979
kor,0,1980
kor,0,1981
kor,0,1982
kor,0,1983
kor,0,1984
kor,0,1985
kor,0,1986
kor,115,1987
kor,0,1988
kor,21,1989
kor,0,1990
kor,0,1991
kor,0,1992
kor,0,1993
kor,0,1994
kor,0,1995
kor,0,1996
kor,0,1997
kor,0,1998
kor,0,1999
kor,0,2000
kor,0,2001
kor,129,2002
kor,0,2003
kor,0,2004
kor,0,2005
kor,0,2006
kor,0,2007
kor,0,2008
prk,0,1970
prk,0,1971
prk,0,1972
prk,0,1973
prk,0,1974
prk,0,1975
prk,0,1976
prk,0,1977
prk,0,1978
prk,0,1979
prk,0,1980
prk,0,1981
prk,0,1982
prk,0,1983
prk,0,1984
prk,0,1985
prk,0,1986
prk,0,1987
prk,0,1988
prk,0,1989
prk,0,1990
prk,0,1991
prk,0,1992
prk,66,1993
prk,0,1994
prk,0,1995
prk,0,1996
prk,0,1997
prk,0,1998
prk,0,1999
prk,0,2000
prk,0,2001
prk,0,2002
prk,0,2003
prk,0,2004
prk,0,2005
prk,0,2006
prk,0,2007
prk,0,2008
kgz,0,1970
kgz,0,1971
kgz,0,1972
kgz,0,1973
kgz,0,1974
kgz,0,1975
kgz,0,1976
kgz,0,1977
kgz,0,1978
kgz,0,1979
kgz,0,1980
kgz,0,1981
kgz,0,1982
kgz,0,1983
kgz,0,1984
kgz,0,1985
kgz,0,1986
kgz,0,1987
kgz,0,1988
kgz,0,1989
kgz,0,1990
kgz,0,1991
kgz,0,1992
kgz,0,1993
kgz,0,1994
kgz,12,1995
kgz,0,1996
kgz,0,1997
kgz,17,1998
kgz,0,1999
kgz,0,2000
kgz,0,2001
kgz,0,2002
kgz,0,2003
kgz,0,2004
kgz,0,2005
kgz,0,2006
kgz,0,2007
kgz,65,2008
lao,0,1970
lao,0,1971
lao,0,1972
lao,0,1973
lao,0,1974
lao,0,1975
lao,0,1976
lao,0,1977
lao,0,1978
lao,0,1979
lao,0,1980
lao,0,1981
lao,0,1982
lao,0,1983
lao,0,1984
lao,0,1985
lao,0,1986
lao,0,1987
lao,0,1988
lao,0,1989
lao,0,1990
lao,0,1991
lao,0,1992
lao,0,1993
lao,0,1994
lao,0,1995
lao,0,1996
lao,0,1997
lao,84,1998
lao,0,1999
lao,28,2000
lao,0,2001
lao,0,2002
lao,0,2003
lao,0,2004
lao,0,2005
lao,0,2006
lao,0,2007
lao,0,2008
lby,0,1970
lby,0,1971
lby,0,1972
lby,0,1973
lby,0,1974
lby,0,1975
lby,0,1976
lby,0,1977
lby,0,1978
lby,0,1979
lby,0,1980
lby,0,1981
lby,0,1982
lby,0,1983
lby,0,1984
lby,0,1985
lby,0,1986
lby,0,1987
lby,0,1988
lby,78,1989
lby,0,1990
lby,0,1991
lby,157,1992
lby,0,1993
lby,0,1994
lby,0,1995
lby,0,1996
lby,0,1997
lby,0,1998
lby,0,1999
lby,23,2000
lby,0,2001
lby,0,2002
lby,0,2003
lby,0,2004
lby,0,2005
lby,0,2006
lby,0,2007
lby,0,2008
lux,0,1970
lux,0,1971
lux,0,1972
lux,0,1973
lux,0,1974
lux,0,1975
lux,0,1976
lux,0,1977
lux,0,1978
lux,0,1979
lux,0,1980
lux,0,1981
lux,0,1982
lux,0,1983
lux,0,1984
lux,0,1985
lux,0,1986
lux,0,1987
lux,0,1988
lux,0,1989
lux,0,1990
lux,0,1991
lux,0,1992
lux,0,1993
lux,0,1994
lux,0,1995
lux,0,1996
lux,0,1997
lux,0,1998
lux,0,1999
lux,0,2000
lux,0,2001
lux,20,2002
lux,0,2003
lux,0,2004
lux,0,2005
lux,0,2006
lux,0,2007
lux,0,2008
mkd,0,1970
mkd,0,1971
mkd,0,1972
mkd,0,1973
mkd,0,1974
mkd,0,1975
mkd,0,1976
mkd,0,1977
mkd,0,1978
mkd,0,1979
mkd,0,1980
mkd,0,1981
mkd,0,1982
mkd,0,1983
mkd,0,1984
mkd,0,1985
mkd,0,1986
mkd,0,1987
mkd,0,1988
mkd,0,1989
mkd,0,1990
mkd,0,1991
mkd,0,1992
mkd,198,1993
mkd,0,1994
mkd,0,1995
mkd,0,1996
mkd,0,1997
mkd,0,1998
mkd,0,1999
mkd,0,2000
mkd,0,2001
mkd,0,2002
mkd,0,2003
mkd,0,2004
mkd,0,2005
mkd,0,2006
mkd,0,2007
mkd,0,2008
mdg,0,1970
mdg,0,1971
mdg,0,1972
mdg,0,1973
mdg,0,1974
mdg,0,1975
mdg,0,1976
mdg,0,1977
mdg,0,1978
mdg,0,1979
mdg,0,1980
mdg,0,1981
mdg,0,1982
mdg,0,1983
mdg,0,1984
mdg,0,1985
mdg,0,1986
mdg,0,1987
mdg,0,1988
mdg,0,1989
mdg,0,1990
mdg,0,1991
mdg,0,1992
mdg,0,1993
mdg,0,1994
mdg,34,1995
mdg,0,1996
mdg,0,1997
mdg,0,1998
mdg,0,1999
mdg,0,2000
mdg,0,2001
mdg,0,2002
mdg,0,2003
mdg,0,2004
mdg,0,2005
mdg,0,2006
mdg,0,2007
mdg,0,2008
mys,0,1970
mys,0,1971
mys,0,1972
mys,0,1973
mys,0,1974
mys,0,1975
mys,0,1976
mys,0,1977
mys,0,1978
mys,0,1979
mys,0,1980
mys,0,1981
mys,0,1982
mys,0,1983
mys,0,1984
mys,0,1985
mys,0,1986
mys,0,1987
mys,0,1988
mys,21,1989
mys,0,1990
mys,0,1991
mys,0,1992
mys,0,1993
mys,0,1994
mys,32,1995
mys,0,1996
mys,10,1997
mys,0,1998
mys,0,1999
mys,0,2000
mys,0,2001
mys,0,2002
mys,0,2003
mys,0,2004
mys,0,2005
mys,0,2006
mys,0,2007
mys,0,2008
mdv,0,1970
mdv,0,1971
mdv,0,1972
mdv,0,1973
mdv,0,1974
mdv,0,1975
mdv,0,1976
mdv,0,1977
mdv,0,1978
mdv,0,1979
mdv,0,1980
mdv,0,1981
mdv,0,1982
mdv,0,1983
mdv,0,1984
mdv,0,1985
mdv,0,1986
mdv,0,1987
mdv,0,1988
mdv,0,1989
mdv,0,1990
mdv,0,1991
mdv,0,1992
mdv,0,1993
mdv,0,1994
mdv,0,1995
mdv,0,1996
mdv,0,1997
mdv,0,1998
mdv,10,1999
mdv,0,2000
mdv,0,2001
mdv,0,2002
mdv,0,2003
mdv,0,2004
mdv,0,2005
mdv,0,2006
mdv,0,2007
mdv,0,2008
mli,0,1970
mli,0,1971
mli,0,1972
mli,0,1973
mli,0,1974
mli,0,1975
mli,0,1976
mli,0,1977
mli,0,1978
mli,0,1979
mli,0,1980
mli,0,1981
mli,0,1982
mli,0,1983
mli,0,1984
mli,51,1985
mli,0,1986
mli,0,1987
mli,0,1988
mli,0,1989
mli,0,1990
mli,0,1991
mli,0,1992
mli,0,1993
mli,0,1994
mli,0,1995
mli,0,1996
mli,0,1997
mli,0,1998
mli,0,1999
mli,0,2000
mli,0,2001
mli,0,2002
mli,0,2003
mli,0,2004
mli,0,2005
mli,0,2006
mli,0,2007
mli,0,2008
mrt,0,1970
mrt,0,1971
mrt,0,1972
mrt,0,1973
mrt,0,1974
mrt,0,1975
mrt,0,1976
mrt,0,1977
mrt,0,1978
mrt,0,1979
mrt,0,1980
mrt,0,1981
mrt,0,1982
mrt,0,1983
mrt,0,1984
mrt,0,1985
mrt,0,1986
mrt,0,1987
mrt,0,1988
mrt,0,1989
mrt,0,1990
mrt,0,1991
mrt,0,1992
mrt,0,1993
mrt,80,1994
mrt,0,1995
mrt,0,1996
mrt,0,1997
mrt,39,1998
mrt,0,1999
mrt,0,2000
mrt,0,2001
mrt,0,2002
mrt,0,2003
mrt,0,2004
mrt,0,2005
mrt,0,2006
mrt,0,2007
mrt,0,2008
mus,0,1970
mus,0,1971
mus,0,1972
mus,0,1973
mus,0,1974
mus,0,1975
mus,0,1976
mus,0,1977
mus,0,1978
mus,0,1979
mus,0,1980
mus,0,1981
mus,0,1982
mus,0,1983
mus,0,1984
mus,0,1985
mus,0,1986
mus,159,1987
mus,0,1988
mus,0,1989
mus,0,1990
mus,0,1991
mus,0,1992
mus,0,1993
mus,0,1994
mus,0,1995
mus,0,1996
mus,0,1997
mus,0,1998
mus,0,1999
mus,0,2000
mus,0,2001
mus,0,2002
mus,0,2003
mus,0,2004
mus,0,2005
mus,0,2006
mus,0,2007
mus,0,2008
mex,0,1970
mex,0,1971
mex,0,1972
mex,0,1973
mex,0,1974
mex,0,1975
mex,0,1976
mex,0,1977
mex,0,1978
mex,0,1979
mex,0,1980
mex,0,1981
mex,0,1982
mex,0,1983
mex,0,1984
mex,0,1985
mex,187,1986
mex,40,1987
mex,20,1988
mex,0,1989
mex,20,1990
mex,0,1991
mex,0,1992
mex,0,1993
mex,14,1994
mex,0,1995
mex,16,1996
mex,0,1997
mex,16,1998
mex,18,1999
mex,19,2000
mex,19,2001
mex,0,2002
mex,0,2003
mex,0,2004
mex,0,2005
mex,0,2006
mex,0,2007
mex,26,2008
mng,0,1970
mng,0,1971
mng,0,1972
mng,0,1973
mng,0,1974
mng,0,1975
mng,0,1976
mng,0,1977
mng,0,1978
mng,0,1979
mng,0,1980
mng,0,1981
mng,0,1982
mng,0,1983
mng,0,1984
mng,0,1985
mng,0,1986
mng,0,1987
mng,0,1988
mng,0,1989
mng,30,1990
mng,0,1991
mng,0,1992
mng,40,1993
mng,0,1994
mng,41,1995
mng,0,1996
mng,0,1997
mng,28,1998
mng,0,1999
mng,0,2000
mng,10,2001
mng,0,2002
mng,0,2003
mng,0,2004
mng,0,2005
mng,0,2006
mng,14,2007
mng,0,2008
mar,0,1970
mar,0,1971
mar,0,1972
mar,106,1973
mar,0,1974
mar,168,1975
mar,0,1976
mar,0,1977
mar,0,1978
mar,0,1979
mar,0,1980
mar,0,1981
mar,0,1982
mar,0,1983
mar,0,1984
mar,0,1985
mar,0,1986
mar,0,1987
mar,0,1988
mar,0,1989
mar,0,1990
mar,0,1991
mar,0,1992
mar,0,1993
mar,44,1994
mar,0,1995
mar,0,1996
mar,0,1997
mar,38,1998
mar,0,1999
mar,0,2000
mar,0,2001
mar,0,2002
mar,0,2003
mar,0,2004
mar,0,2005
mar,0,2006
mar,0,2007
mar,0,2008
moz,0,1970
moz,0,1971
moz,0,1972
moz,0,1973
moz,0,1974
moz,0,1975
moz,0,1976
moz,0,1977
moz,0,1978
moz,0,1979
moz,0,1980
moz,0,1981
moz,0,1982
moz,0,1983
moz,0,1984
moz,0,1985
moz,77,1986
moz,0,1987
moz,0,1988
moz,0,1989
moz,0,1990
moz,0,1991
moz,0,1992
moz,0,1993
moz,0,1994
moz,0,1995
moz,0,1996
moz,0,1997
moz,0,1998
moz,0,1999
moz,0,2000
moz,0,2001
moz,0,2002
moz,0,2003
moz,0,2004
moz,0,2005
moz,0,2006
moz,0,2007
moz,0,2008
mmr,0,1970
mmr,0,1971
mmr,0,1972
mmr,0,1973
mmr,0,1974
mmr,0,1975
mmr,0,1976
mmr,0,1977
mmr,0,1978
mmr,0,1979
mmr,0,1980
mmr,0,1981
mmr,0,1982
mmr,0,1983
mmr,0,1984
mmr,0,1985
mmr,0,1986
mmr,208,1987
mmr,0,1988
mmr,26,1989
mmr,0,1990
mmr,0,1991
mmr,0,1992
mmr,0,1993
mmr,0,1994
mmr,0,1995
mmr,0,1996
mmr,0,1997
mmr,14,1998
mmr,0,1999
mmr,0,2000
mmr,16,2001
mmr,0,2002
mmr,0,2003
mmr,0,2004
mmr,0,2005
mmr,0,2006
mmr,0,2007
mmr,0,2008
npl,0,1970
npl,0,1971
npl,0,1972
npl,0,1973
npl,0,1974
npl,0,1975
npl,0,1976
npl,0,1977
npl,0,1978
npl,0,1979
npl,0,1980
npl,0,1981
npl,0,1982
npl,0,1983
npl,0,1984
npl,0,1985
npl,0,1986
npl,0,1987
npl,0,1988
npl,0,1989
npl,0,1990
npl,0,1991
npl,280,1992
npl,0,1993
npl,0,1994
npl,0,1995
npl,0,1996
npl,0,1997
npl,0,1998
npl,25,1999
npl,25,2000
npl,0,2001
npl,18,2002
npl,0,2003
npl,0,2004
npl,0,2005
npl,24,2006
npl,0,2007
npl,30,2008
nld,0,1970
nld,0,1971
nld,0,1972
nld,0,1973
nld,0,1974
nld,0,1975
nld,0,1976
nld,0,1977
nld,0,1978
nld,0,1979
nld,0,1980
nld,0,1981
nld,0,1982
nld,0,1983
nld,0,1984
nld,0,1985
nld,0,1986
nld,0,1987
nld,0,1988
nld,0,1989
nld,0,1990
nld,0,1991
nld,74,1992
nld,0,1993
nld,0,1994
nld,34,1995
nld,66,1996
nld,0,1997
nld,0,1998
nld,0,1999
nld,0,2000
nld,0,2001
nld,0,2002
nld,0,2003
nld,0,2004
nld,0,2005
nld,0,2006
nld,0,2007
nld,0,2008
nzl,0,1970
nzl,0,1971
nzl,0,1972
nzl,0,1973
nzl,0,1974
nzl,0,1975
nzl,0,1976
nzl,0,1977
nzl,0,1978
nzl,257,1979
nzl,0,1980
nzl,0,1981
nzl,0,1982
nzl,0,1983
nzl,0,1984
nzl,0,1985
nzl,0,1986
nzl,0,1987
nzl,0,1988
nzl,10,1989
nzl,0,1990
nzl,0,1991
nzl,0,1992
nzl,0,1993
nzl,0,1994
nzl,0,1995
nzl,0,1996
nzl,0,1997
nzl,0,1998
nzl,0,1999
nzl,0,2000
nzl,0,2001
nzl,0,2002
nzl,0,2003
nzl,0,2004
nzl,0,2005
nzl,0,2006
nzl,0,2007
nzl,0,2008
nic,0,1970
nic,0,1971
nic,0,1972
nic,0,1973
nic,0,1974
nic,0,1975
nic,0,1976
nic,0,1977
nic,0,1978
nic,0,1979
nic,0,1980
nic,0,1981
nic,0,1982
nic,0,1983
nic,0,1984
nic,0,1985
nic,0,1986
nic,0,1987
nic,0,1988
nic,0,1989
nic,0,1990
nic,0,1991
nic,0,1992
nic,0,1993
nic,0,1994
nic,0,1995
nic,0,1996
nic,0,1997
nic,0,1998
nic,44,1999
nic,0,2000
nic,0,2001
nic,0,2002
nic,0,2003
nic,0,2004
nic,0,2005
nic,0,2006
nic,0,2007
nic,0,2008
ner,0,1970
ner,0,1971
ner,0,1972
ner,0,1973
ner,0,1974
ner,0,1975
ner,0,1976
ner,0,1977
ner,0,1978
ner,0,1979
ner,0,1980
ner,0,1981
ner,0,1982
ner,0,1983
ner,0,1984
ner,0,1985
ner,0,1986
ner,0,1987
ner,0,1988
ner,170,1989
ner,0,1990
ner,0,1991
ner,0,1992
ner,0,1993
ner,0,1994
ner,0,1995
ner,0,1996
ner,13,1997
ner,0,1998
ner,0,1999
ner,0,2000
ner,0,2001
ner,0,2002
ner,0,2003
ner,0,2004
ner,0,2005
ner,0,2006
ner,0,2007
ner,0,2008
nga,0,1970
nga,0,1971
nga,0,1972
nga,176,1973
nga,0,1974
nga,0,1975
nga,0,1976
nga,0,1977
nga,0,1978
nga,0,1979
nga,0,1980
nga,0,1981
nga,0,1982
nga,68,1983
nga,0,1984
nga,0,1985
nga,0,1986
nga,0,1987
nga,0,1988
nga,0,1989
nga,0,1990
nga,0,1991
nga,163,1992
nga,0,1993
nga,0,1994
nga,26,1995
nga,154,1996
nga,0,1997
nga,0,1998
nga,0,1999
nga,0,2000
nga,0,2001
nga,149,2002
nga,0,2003
nga,0,2004
nga,224,2005
nga,111,2006
nga,0,2007
nga,0,2008
nor,0,1970
nor,0,1971
nor,0,1972
nor,0,1973
nor,0,1974
nor,0,1975
nor,0,1976
nor,0,1977
nor,0,1978
nor,0,1979
nor,0,1980
nor,0,1981
nor,0,1982
nor,0,1983
nor,0,1984
nor,0,1985
nor,0,1986
nor,0,1987
nor,36,1988
nor,0,1989
nor,0,1990
nor,0,1991
nor,0,1992
nor,0,1993
nor,0,1994
nor,0,1995
nor,143,1996
nor,12,1997
nor,0,1998
nor,0,1999
nor,0,2000
nor,0,2001
nor,0,2002
nor,0,2003
nor,0,2004
nor,0,2005
nor,0,2006
nor,0,2007
nor,0,2008
pak,0,1970
pak,0,1971
pak,0,1972
pak,0,1973
pak,0,1974
pak,0,1975
pak,0,1976
pak,0,1977
pak,0,1978
pak,0,1979
pak,0,1980
pak,0,1981
pak,0,1982
pak,0,1983
pak,0,1984
pak,0,1985
pak,0,1986
pak,0,1987
pak,30,1988
pak,54,1989
pak,0,1990
pak,0,1991
pak,0,1992
pak,0,1993
pak,0,1994
pak,0,1995
pak,0,1996
pak,0,1997
pak,51,1998
pak,21,1999
pak,0,2000
pak,0,2001
pak,0,2002
pak,13,2003
pak,13,2004
pak,0,2005
pak,45,2006
pak,0,2007
pak,0,2008
pan,0,1970
pan,0,1971
pan,0,1972
pan,0,1973
pan,0,1974
pan,0,1975
pan,0,1976
pan,0,1977
pan,0,1978
pan,0,1979
pan,0,1980
pan,0,1981
pan,0,1982
pan,0,1983
pan,0,1984
pan,0,1985
pan,0,1986
pan,0,1987
pan,0,1988
pan,0,1989
pan,20,1990
pan,0,1991
pan,47,1992
pan,0,1993
pan,21,1994
pan,0,1995
pan,0,1996
pan,0,1997
pan,0,1998
pan,0,1999
pan,10,2000
pan,0,2001
pan,0,2002
pan,0,2003
pan,0,2004
pan,0,2005
pan,0,2006
pan,0,2007
pan,11,2008
png,0,1970
png,0,1971
png,0,1972
png,0,1973
png,0,1974
png,0,1975
png,0,1976
png,0,1977
png,0,1978
png,0,1979
png,0,1980
png,0,1981
png,0,1982
png,0,1983
png,0,1984
png,0,1985
png,0,1986
png,0,1987
png,0,1988
png,0,1989
png,0,1990
png,0,1991
png,0,1992
png,0,1993
png,28,1994
png,15,1995
png,19,1996
png,0,1997
png,0,1998
png,21,1999
png,0,2000
png,0,2001
png,0,2002
png,0,2003
png,0,2004
png,0,2005
png,0,2006
png,0,2007
png,0,2008
pry,0,1970
pry,0,1971
pry,0,1972
pry,0,1973
pry,0,1974
pry,0,1975
pry,0,1976
pry,0,1977
pry,0,1978
pry,0,1979
pry,0,1980
pry,0,1981
pry,0,1982
pry,0,1983
pry,0,1984
pry,0,1985
pry,0,1986
pry,0,1987
pry,0,1988
pry,0,1989
pry,0,1990
pry,0,1991
pry,0,1992
pry,0,1993
pry,0,1994
pry,0,1995
pry,23,1996
pry,0,1997
pry,0,1998
pry,0,1999
pry,0,2000
pry,0,2001
pry,0,2002
pry,0,2003
pry,0,2004
pry,0,2005
pry,0,2006
pry,0,2007
pry,0,2008
per,0,1970
per,0,1971
per,0,1972
per,0,1973
per,0,1974
per,0,1975
per,0,1976
per,0,1977
per,0,1978
per,0,1979
per,0,1980
per,0,1981
per,0,1982
per,0,1983
per,21,1984
per,0,1985
per,0,1986
per,86,1987
per,22,1988
per,50,1989
per,0,1990
per,0,1991
per,0,1992
per,0,1993
per,59,1994
per,0,1995
per,216,1996
per,0,1997
per,100,1998
per,0,1999
per,0,2000
per,0,2001
per,0,2002
per,46,2003
per,0,2004
per,64,2005
per,0,2006
per,0,2007
per,10,2008
phl,0,1970
phl,0,1971
phl,0,1972
phl,0,1973
phl,0,1974
phl,0,1975
phl,0,1976
phl,0,1977
phl,0,1978
phl,0,1979
phl,0,1980
phl,0,1981
phl,0,1982
phl,0,1983
phl,0,1984
phl,0,1985
phl,0,1986
phl,50,1987
phl,0,1988
phl,0,1989
phl,25,1990
phl,0,1991
phl,0,1992
phl,27,1993
phl,0,1994
phl,0,1995
phl,0,1996
phl,0,1997
phl,104,1998
phl,0,1999
phl,131,2000
phl,0,2001
phl,29,2002
phl,0,2003
phl,0,2004
phl,0,2005
phl,0,2006
phl,0,2007
phl,0,2008
pol,0,1970
pol,0,1971
pol,0,1972
pol,0,1973
pol,0,1974
pol,0,1975
pol,0,1976
pol,0,1977
pol,0,1978
pol,0,1979
pol,0,1980
pol,0,1981
pol,0,1982
pol,0,1983
pol,0,1984
pol,0,1985
pol,0,1986
pol,183,1987
pol,0,1988
pol,0,1989
pol,0,1990
pol,0,1991
pol,0,1992
pol,0,1993
pol,0,1994
pol,0,1995
pol,0,1996
pol,0,1997
pol,0,1998
pol,0,1999
pol,0,2000
pol,0,2001
pol,0,2002
pol,0,2003
pol,0,2004
pol,0,2005
pol,0,2006
pol,0,2007
pol,20,2008
prt,0,1970
prt,0,1971
prt,0,1972
prt,0,1973
prt,0,1974
prt,0,1975
prt,0,1976
prt,132,1977
prt,0,1978
prt,0,1979
prt,0,1980
prt,0,1981
prt,0,1982
prt,0,1983
prt,0,1984
prt,0,1985
prt,0,1986
prt,0,1987
prt,0,1988
prt,0,1989
prt,0,1990
prt,0,1991
prt,56,1992
prt,0,1993
prt,0,1994
prt,0,1995
prt,0,1996
prt,0,1997
prt,0,1998
prt,0,1999
prt,0,2000
prt,0,2001
prt,0,2002
prt,10,2003
prt,0,2004
prt,0,2005
prt,0,2006
prt,0,2007
prt,0,2008
pri,0,1970
pri,0,1971
pri,0,1972
pri,0,1973
pri,0,1974
pri,0,1975
pri,0,1976
pri,0,1977
pri,0,1978
pri,0,1979
pri,0,1980
pri,0,1981
pri,0,1982
pri,0,1983
pri,0,1984
pri,0,1985
pri,0,1986
pri,0,1987
pri,0,1988
pri,0,1989
pri,0,1990
pri,0,1991
pri,0,1992
pri,0,1993
pri,0,1994
pri,0,1995
pri,0,1996
pri,0,1997
pri,0,1998
pri,0,1999
pri,0,2000
pri,0,2001
pri,10,2002
pri,0,2003
pri,0,2004
pri,0,2005
pri,0,2006
pri,0,2007
pri,0,2008
rou,0,1970
rou,0,1971
rou,0,1972
rou,0,1973
rou,0,1974
rou,0,1975
rou,0,1976
rou,0,1977
rou,0,1978
rou,0,1979
rou,0,1980
rou,0,1981
rou,0,1982
rou,0,1983
rou,0,1984
rou,0,1985
rou,0,1986
rou,0,1987
rou,0,1988
rou,0,1989
rou,0,1990
rou,0,1991
rou,0,1992
rou,0,1993
rou,0,1994
rou,60,1995
rou,10,1996
rou,0,1997
rou,0,1998
rou,0,1999
rou,0,2000
rou,0,2001
rou,0,2002
rou,0,2003
rou,0,2004
rou,0,2005
rou,0,2006
rou,0,2007
rou,0,2008
rus,0,1970
rus,0,1971
rus,0,1972
rus,0,1973
rus,0,1974
rus,0,1975
rus,0,1976
rus,0,1977
rus,0,1978
rus,0,1979
rus,0,1980
rus,0,1981
rus,0,1982
rus,0,1983
rus,0,1984
rus,0,1985
rus,0,1986
rus,0,1987
rus,0,1988
rus,0,1989
rus,0,1990
rus,107,1991
rus,142,1992
rus,35,1993
rus,431,1994
rus,97,1995
rus,61,1996
rus,126,1997
rus,0,1998
rus,21,1999
rus,19,2000
rus,289,2001
rus,90,2002
rus,43,2003
rus,105,2004
rus,44,2005
rus,256,2006
rus,0,2007
rus,88,2008
sau,0,1970
sau,0,1971
sau,0,1972
sau,0,1973
sau,0,1974
sau,0,1975
sau,0,1976
sau,0,1977
sau,0,1978
sau,0,1979
sau,301,1980
sau,0,1981
sau,0,1982
sau,0,1983
sau,0,1984
sau,0,1985
sau,67,1986
sau,0,1987
sau,0,1988
sau,0,1989
sau,0,1990
sau,359,1991
sau,0,1992
sau,0,1993
sau,0,1994
sau,0,1995
sau,0,1996
sau,0,1997
sau,0,1998
sau,12,1999
sau,0,2000
sau,0,2001
sau,0,2002
sau,0,2003
sau,0,2004
sau,0,2005
sau,0,2006
sau,0,2007
sau,0,2008
sen,0,1970
sen,0,1971
sen,0,1972
sen,0,1973
sen,0,1974
sen,0,1975
sen,0,1976
sen,0,1977
sen,0,1978
sen,0,1979
sen,0,1980
sen,0,1981
sen,0,1982
sen,0,1983
sen,0,1984
sen,0,1985
sen,0,1986
sen,0,1987
sen,0,1988
sen,0,1989
sen,0,1990
sen,0,1991
sen,31,1992
sen,0,1993
sen,0,1994
sen,0,1995
sen,0,1996
sen,20,1997
sen,0,1998
sen,0,1999
sen,0,2000
sen,0,2001
sen,0,2002
sen,0,2003
sen,0,2004
sen,0,2005
sen,0,2006
sen,0,2007
sen,0,2008
scg,0,1970
scg,0,1971
scg,0,1972
scg,0,1973
scg,0,1974
scg,0,1975
scg,0,1976
scg,0,1977
scg,0,1978
scg,0,1979
scg,0,1980
scg,0,1981
scg,0,1982
scg,0,1983
scg,0,1984
scg,0,1985
scg,0,1986
scg,0,1987
scg,0,1988
scg,0,1989
scg,0,1990
scg,0,1991
scg,0,1992
scg,0,1993
scg,0,1994
scg,0,1995
scg,12,1996
scg,0,1997
scg,0,1998
scg,24,1999
scg,0,2000
scg,0,2001
scg,0,2002
scg,0,2003
scg,0,2004
scg,0,2005
scg,0,2006
scg,0,2007
scg,0,2008
sle,0,1970
sle,0,1971
sle,0,1972
sle,0,1973
sle,0,1974
sle,0,1975
sle,0,1976
sle,0,1977
sle,0,1978
sle,0,1979
sle,0,1980
sle,0,1981
sle,0,1982
sle,0,1983
sle,0,1984
sle,0,1985
sle,0,1986
sle,0,1987
sle,0,1988
sle,0,1989
sle,0,1990
sle,0,1991
sle,0,1992
sle,0,1993
sle,0,1994
sle,0,1995
sle,0,1996
sle,0,1997
sle,0,1998
sle,0,1999
sle,0,2000
sle,0,2001
sle,0,2002
sle,0,2003
sle,24,2004
sle,0,2005
sle,0,2006
sle,22,2007
sle,0,2008
som,0,1970
som,0,1971
som,0,1972
som,0,1973
som,0,1974
som,0,1975
som,0,1976
som,0,1977
som,0,1978
som,0,1979
som,0,1980
som,0,1981
som,0,1982
som,0,1983
som,0,1984
som,0,1985
som,0,1986
som,0,1987
som,0,1988
som,30,1989
som,0,1990
som,0,1991
som,0,1992
som,0,1993
som,0,1994
som,0,1995
som,0,1996
som,0,1997
som,0,1998
som,0,1999
som,0,2000
som,0,2001
som,0,2002
som,0,2003
som,0,2004
som,0,2005
som,0,2006
som,0,2007
som,0,2008
zaf,0,1970
zaf,0,1971
zaf,0,1972
zaf,0,1973
zaf,0,1974
zaf,0,1975
zaf,0,1976
zaf,0,1977
zaf,0,1978
zaf,0,1979
zaf,0,1980
zaf,0,1981
zaf,0,1982
zaf,0,1983
zaf,0,1984
zaf,0,1985
zaf,0,1986
zaf,0,1987
zaf,24,1988
zaf,0,1989
zaf,0,1990
zaf,0,1991
zaf,0,1992
zaf,0,1993
zaf,0,1994
zaf,0,1995
zaf,0,1996
zaf,33,1997
zaf,0,1998
zaf,10,1999
zaf,0,2000
zaf,0,2001
zaf,0,2002
zaf,0,2003
zaf,0,2004
zaf,0,2005
zaf,0,2006
zaf,0,2007
zaf,0,2008
esp,0,1970
esp,0,1971
esp,0,1972
esp,0,1973
esp,0,1974
esp,0,1975
esp,0,1976
esp,0,1977
esp,0,1978
esp,0,1979
esp,146,1980
esp,0,1981
esp,0,1982
esp,273,1983
esp,0,1984
esp,148,1985
esp,0,1986
esp,0,1987
esp,0,1988
esp,0,1989
esp,0,1990
esp,0,1991
esp,0,1992
esp,0,1993
esp,0,1994
esp,0,1995
esp,0,1996
esp,0,1997
esp,0,1998
esp,0,1999
esp,0,2000
esp,0,2001
esp,0,2002
esp,0,2003
esp,0,2004
esp,0,2005
esp,0,2006
esp,0,2007
esp,154,2008
lka,0,1970
lka,0,1971
lka,0,1972
lka,0,1973
lka,191,1974
lka,0,1975
lka,0,1976
lka,0,1977
lka,0,1978
lka,0,1979
lka,0,1980
lka,0,1981
lka,0,1982
lka,0,1983
lka,0,1984
lka,0,1985
lka,22,1986
lka,0,1987
lka,0,1988
lka,0,1989
lka,0,1990
lka,0,1991
lka,0,1992
lka,0,1993
lka,0,1994
lka,120,1995
lka,0,1996
lka,0,1997
lka,55,1998
lka,0,1999
lka,40,2000
lka,0,2001
lka,0,2002
lka,0,2003
lka,0,2004
lka,0,2005
lka,0,2006
lka,0,2007
lka,0,2008
sdn,0,1970
sdn,0,1971
sdn,0,1972
sdn,0,1973
sdn,0,1974
sdn,0,1975
sdn,0,1976
sdn,0,1977
sdn,0,1978
sdn,0,1979
sdn,0,1980
sdn,0,1981
sdn,0,1982
sdn,0,1983
sdn,0,1984
sdn,0,1985
sdn,60,1986
sdn,0,1987
sdn,0,1988
sdn,0,1989
sdn,0,1990
sdn,0,1991
sdn,0,1992
sdn,0,1993
sdn,0,1994
sdn,0,1995
sdn,144,1996
sdn,0,1997
sdn,31,1998
sdn,0,1999
sdn,0,2000
sdn,15,2001
sdn,0,2002
sdn,148,2003
sdn,14,2004
sdn,0,2005
sdn,20,2006
sdn,0,2007
sdn,54,2008
sur,0,1970
sur,0,1971
sur,0,1972
sur,0,1973
sur,0,1974
sur,0,1975
sur,0,1976
sur,0,1977
sur,0,1978
sur,0,1979
sur,0,1980
sur,0,1981
sur,0,1982
sur,0,1983
sur,0,1984
sur,0,1985
sur,0,1986
sur,0,1987
sur,0,1988
sur,169,1989
sur,0,1990
sur,0,1991
sur,0,1992
sur,0,1993
sur,0,1994
sur,0,1995
sur,0,1996
sur,0,1997
sur,0,1998
sur,0,1999
sur,0,2000
sur,10,2001
sur,0,2002
sur,0,2003
sur,0,2004
sur,0,2005
sur,0,2006
sur,0,2007
sur,20,2008
swe,0,1970
swe,0,1971
swe,0,1972
swe,0,1973
swe,0,1974
swe,0,1975
swe,0,1976
swe,0,1977
swe,0,1978
swe,0,1979
swe,0,1980
swe,0,1981
swe,0,1982
swe,0,1983
swe,0,1984
swe,0,1985
swe,0,1986
swe,0,1987
swe,0,1988
swe,16,1989
swe,0,1990
swe,0,1991
swe,0,1992
swe,0,1993
swe,0,1994
swe,0,1995
swe,0,1996
swe,0,1997
swe,0,1998
swe,0,1999
swe,0,2000
swe,0,2001
swe,0,2002
swe,0,2003
swe,0,2004
swe,0,2005
swe,0,2006
swe,0,2007
swe,0,2008
che,0,1970
che,0,1971
che,0,1972
che,0,1973
che,0,1974
che,0,1975
che,0,1976
che,0,1977
che,0,1978
che,0,1979
che,0,1980
che,0,1981
che,0,1982
che,0,1983
che,0,1984
che,0,1985
che,0,1986
che,0,1987
che,0,1988
che,0,1989
che,46,1990
che,0,1991
che,0,1992
che,0,1993
che,0,1994
che,0,1995
che,0,1996
che,0,1997
che,0,1998
che,0,1999
che,10,2000
che,24,2001
che,0,2002
che,0,2003
che,0,2004
che,0,2005
che,0,2006
che,0,2007
che,0,2008
twn,0,1970
twn,0,1971
twn,0,1972
twn,0,1973
twn,0,1974
twn,0,1975
twn,0,1976
twn,0,1977
twn,0,1978
twn,0,1979
twn,0,1980
twn,110,1981
twn,0,1982
twn,0,1983
twn,0,1984
twn,0,1985
twn,0,1986
twn,0,1987
twn,0,1988
twn,67,1989
twn,0,1990
twn,0,1991
twn,0,1992
twn,0,1993
twn,0,1994
twn,0,1995
twn,0,1996
twn,16,1997
twn,217,1998
twn,0,1999
twn,82,2000
twn,0,2001
twn,225,2002
twn,0,2003
twn,0,2004
twn,0,2005
twn,0,2006
twn,0,2007
twn,0,2008
tjk,0,1970
tjk,0,1971
tjk,0,1972
tjk,0,1973
tjk,0,1974
tjk,0,1975
tjk,0,1976
tjk,0,1977
tjk,0,1978
tjk,0,1979
tjk,0,1980
tjk,0,1981
tjk,0,1982
tjk,0,1983
tjk,0,1984
tjk,0,1985
tjk,0,1986
tjk,0,1987
tjk,0,1988
tjk,0,1989
tjk,0,1990
tjk,0,1991
tjk,0,1992
tjk,82,1993
tjk,0,1994
tjk,0,1995
tjk,0,1996
tjk,0,1997
tjk,0,1998
tjk,0,1999
tjk,0,2000
tjk,0,2001
tjk,0,2002
tjk,0,2003
tjk,0,2004
tjk,0,2005
tjk,0,2006
tjk,0,2007
tjk,0,2008
tza,0,1970
tza,0,1971
tza,0,1972
tza,0,1973
tza,0,1974
tza,0,1975
tza,0,1976
tza,0,1977
tza,0,1978
tza,0,1979
tza,0,1980
tza,0,1981
tza,0,1982
tza,0,1983
tza,0,1984
tza,0,1985
tza,0,1986
tza,0,1987
tza,0,1988
tza,0,1989
tza,0,1990
tza,0,1991
tza,0,1992
tza,0,1993
tza,0,1994
tza,0,1995
tza,0,1996
tza,0,1997
tza,0,1998
tza,12,1999
tza,0,2000
tza,0,2001
tza,0,2002
tza,0,2003
tza,0,2004
tza,0,2005
tza,0,2006
tza,0,2007
tza,0,2008
tha,0,1970
tha,0,1971
tha,0,1972
tha,0,1973
tha,0,1974
tha,0,1975
tha,0,1976
tha,0,1977
tha,0,1978
tha,0,1979
tha,0,1980
tha,0,1981
tha,0,1982
tha,0,1983
tha,0,1984
tha,0,1985
tha,0,1986
tha,193,1987
tha,76,1988
tha,0,1989
tha,38,1990
tha,237,1991
tha,0,1992
tha,0,1993
tha,0,1994
tha,0,1995
tha,0,1996
tha,14,1997
tha,101,1998
tha,0,1999
tha,11,2000
tha,0,2001
tha,0,2002
tha,0,2003
tha,0,2004
tha,0,2005
tha,0,2006
tha,90,2007
tha,10,2008
tun,0,1970
tun,0,1971
tun,0,1972
tun,0,1973
tun,0,1974
tun,0,1975
tun,0,1976
tun,0,1977
tun,0,1978
tun,0,1979
tun,0,1980
tun,0,1981
tun,0,1982
tun,0,1983
tun,0,1984
tun,0,1985
tun,0,1986
tun,0,1987
tun,0,1988
tun,0,1989
tun,0,1990
tun,0,1991
tun,0,1992
tun,0,1993
tun,0,1994
tun,0,1995
tun,0,1996
tun,0,1997
tun,0,1998
tun,0,1999
tun,0,2000
tun,0,2001
tun,27,2002
tun,0,2003
tun,0,2004
tun,0,2005
tun,0,2006
tun,0,2007
tun,0,2008
tur,0,1970
tur,0,1971
tur,0,1972
tur,0,1973
tur,0,1974
tur,0,1975
tur,0,1976
tur,0,1977
tur,0,1978
tur,0,1979
tur,0,1980
tur,26,1981
tur,0,1982
tur,0,1983
tur,0,1984
tur,14,1985
tur,0,1986
tur,0,1987
tur,0,1988
tur,0,1989
tur,0,1990
tur,0,1991
tur,0,1992
tur,0,1993
tur,57,1994
tur,0,1995
tur,0,1996
tur,0,1997
tur,0,1998
tur,0,1999
tur,0,2000
tur,34,2001
tur,0,2002
tur,149,2003
tur,0,2004
tur,0,2005
tur,0,2006
tur,57,2007
tur,0,2008
ukr,0,1970
ukr,0,1971
ukr,0,1972
ukr,0,1973
ukr,0,1974
ukr,0,1975
ukr,0,1976
ukr,0,1977
ukr,0,1978
ukr,0,1979
ukr,0,1980
ukr,0,1981
ukr,0,1982
ukr,0,1983
ukr,0,1984
ukr,0,1985
ukr,0,1986
ukr,0,1987
ukr,0,1988
ukr,0,1989
ukr,0,1990
ukr,0,1991
ukr,0,1992
ukr,0,1993
ukr,0,1994
ukr,0,1995
ukr,0,1996
ukr,0,1997
ukr,0,1998
ukr,0,1999
ukr,0,2000
ukr,0,2001
ukr,83,2002
ukr,0,2003
ukr,0,2004
ukr,0,2005
ukr,169,2006
ukr,0,2007
ukr,32,2008
are,0,1970
are,0,1971
are,0,1972
are,0,1973
are,0,1974
are,0,1975
are,0,1976
are,0,1977
are,0,1978
are,0,1979
are,0,1980
are,0,1981
are,0,1982
are,112,1983
are,0,1984
are,0,1985
are,0,1986
are,0,1987
are,0,1988
are,0,1989
are,0,1990
are,0,1991
are,0,1992
are,0,1993
are,0,1994
are,0,1995
are,0,1996
are,85,1997
are,0,1998
are,0,1999
are,0,2000
are,0,2001
are,0,2002
are,0,2003
are,43,2004
are,0,2005
are,0,2006
are,0,2007
are,0,2008
gbr,0,1970
gbr,0,1971
gbr,118,1972
gbr,0,1973
gbr,0,1974
gbr,0,1975
gbr,0,1976
gbr,0,1977
gbr,0,1978
gbr,0,1979
gbr,0,1980
gbr,0,1981
gbr,0,1982
gbr,0,1983
gbr,0,1984
gbr,52,1985
gbr,45,1986
gbr,0,1987
gbr,0,1988
gbr,39,1989
gbr,0,1990
gbr,0,1991
gbr,11,1992
gbr,0,1993
gbr,29,1994
gbr,12,1995
gbr,0,1996
gbr,0,1997
gbr,0,1998
gbr,0,1999
gbr,0,2000
gbr,0,2001
gbr,11,2002
gbr,0,2003
gbr,0,2004
gbr,0,2005
gbr,0,2006
gbr,0,2007
gbr,0,2008
usa,0,1970
usa,0,1971
usa,0,1972
usa,0,1973
usa,0,1974
usa,112,1975
usa,0,1976
usa,0,1977
usa,144,1978
usa,0,1979
usa,0,1980
usa,0,1981
usa,153,1982
usa,0,1983
usa,0,1984
usa,0,1985
usa,117,1986
usa,240,1987
usa,23,1988
usa,210,1989
usa,92,1990
usa,118,1991
usa,59,1992
usa,21,1993
usa,265,1994
usa,39,1995
usa,361,1996
usa,29,1997
usa,0,1998
usa,247,1999
usa,107,2000
usa,314,2001
usa,0,2002
usa,32,2003
usa,0,2004
usa,19,2005
usa,66,2006
usa,10,2007
usa,10,2008
ury,0,1970
ury,8,1971
ury,0,1972
ury,0,1973
ury,0,1974
ury,0,1975
ury,0,1976
ury,0,1977
ury,0,1978
ury,0,1979
ury,0,1980
ury,0,1981
ury,0,1982
ury,0,1983
ury,0,1984
ury,0,1985
ury,0,1986
ury,0,1987
ury,0,1988
ury,0,1989
ury,0,1990
ury,0,1991
ury,0,1992
ury,0,1993
ury,0,1994
ury,0,1995
ury,0,1996
ury,74,1997
ury,0,1998
ury,0,1999
ury,0,2000
ury,0,2001
ury,0,2002
ury,0,2003
ury,0,2004
ury,0,2005
ury,0,2006
ury,0,2007
ury,0,2008
ussr,0,1970
ussr,0,1971
ussr,176,1972
ussr,0,1973
ussr,0,1974
ussr,0,1975
ussr,0,1976
ussr,0,1977
ussr,0,1978
ussr,0,1979
ussr,163,1980
ussr,0,1981
ussr,0,1982
ussr,269,1983
ussr,150,1984
ussr,230,1985
ussr,0,1986
ussr,0,1987
ussr,121,1988
ussr,144,1989
ussr,53,1990
ussr,54,1991
ussr,0,1992
ussr,0,1993
ussr,0,1994
ussr,0,1995
ussr,0,1996
ussr,0,1997
ussr,0,1998
ussr,0,1999
ussr,0,2000
ussr,0,2001
ussr,0,2002
ussr,0,2003
ussr,0,2004
ussr,0,2005
ussr,0,2006
ussr,0,2007
ussr,0,2008
uzb,0,1970
uzb,0,1971
uzb,0,1972
uzb,0,1973
uzb,0,1974
uzb,0,1975
uzb,0,1976
uzb,0,1977
uzb,0,1978
uzb,0,1979
uzb,0,1980
uzb,0,1981
uzb,0,1982
uzb,0,1983
uzb,0,1984
uzb,0,1985
uzb,0,1986
uzb,0,1987
uzb,0,1988
uzb,0,1989
uzb,0,1990
uzb,0,1991
uzb,0,1992
uzb,0,1993
uzb,0,1994
uzb,0,1995
uzb,0,1996
uzb,0,1997
uzb,0,1998
uzb,0,1999
uzb,0,2000
uzb,0,2001
uzb,0,2002
uzb,0,2003
uzb,37,2004
uzb,0,2005
uzb,15,2006
uzb,0,2007
uzb,0,2008
ven,0,1970
ven,0,1971
ven,0,1972
ven,0,1973
ven,0,1974
ven,0,1975
ven,0,1976
ven,0,1977
ven,0,1978
ven,0,1979
ven,0,1980
ven,0,1981
ven,0,1982
ven,0,1983
ven,0,1984
ven,0,1985
ven,0,1986
ven,0,1987
ven,0,1988
ven,0,1989
ven,25,1990
ven,65,1991
ven,0,1992
ven,0,1993
ven,0,1994
ven,0,1995
ven,0,1996
ven,0,1997
ven,0,1998
ven,38,1999
ven,0,2000
ven,37,2001
ven,0,2002
ven,0,2003
ven,41,2004
ven,152,2005
ven,0,2006
ven,0,2007
ven,60,2008
vnm,0,1970
vnm,0,1971
vnm,0,1972
vnm,0,1973
vnm,0,1974
vnm,172,1975
vnm,0,1976
vnm,0,1977
vnm,0,1978
vnm,0,1979
vnm,0,1980
vnm,0,1981
vnm,0,1982
vnm,0,1983
vnm,0,1984
vnm,0,1985
vnm,0,1986
vnm,0,1987
vnm,0,1988
vnm,20,1989
vnm,0,1990
vnm,0,1991
vnm,29,1992
vnm,0,1993
vnm,0,1994
vnm,0,1995
vnm,0,1996
vnm,0,1997
vnm,0,1998
vnm,0,1999
vnm,0,2000
vnm,16,2001
vnm,0,2002
vnm,0,2003
vnm,0,2004
vnm,16,2005
vnm,0,2006
vnm,0,2007
vnm,0,2008
deu_west,0,1970
deu_west,0,1971
deu_west,0,1972
deu_west,0,1973
deu_west,0,1974
deu_west,0,1975
deu_west,0,1976
deu_west,0,1977
deu_west,0,1978
deu_west,0,1979
deu_west,0,1980
deu_west,0,1981
deu_west,0,1982
deu_west,0,1983
deu_west,0,1984
deu_west,0,1985
deu_west,0,1986
deu_west,0,1987
deu_west,64,1988
deu_west,0,1989
deu_west,13,1990
deu_west,0,1991
deu_west,0,1992
deu_west,0,1993
deu_west,0,1994
deu_west,0,1995
deu_west,0,1996
deu_west,0,1997
deu_west,0,1998
deu_west,0,1999
deu_west,0,2000
deu_west,0,2001
deu_west,0,2002
deu_west,0,2003
deu_west,0,2004
deu_west,0,2005
deu_west,0,2006
deu_west,0,2007
deu_west,0,2008
yem,0,1970
yem,0,1971
yem,0,1972
yem,0,1973
yem,0,1974
yem,0,1975
yem,0,1976
yem,0,1977
yem,0,1978
yem,0,1979
yem,0,1980
yem,0,1981
yem,0,1982
yem,0,1983
yem,0,1984
yem,0,1985
yem,0,1986
yem,0,1987
yem,0,1988
yem,0,1989
yem,0,1990
yem,0,1991
yem,57,1992
yem,0,1993
yem,0,1994
yem,0,1995
yem,0,1996
yem,0,1997
yem,0,1998
yem,0,1999
yem,0,2000
yem,0,2001
yem,0,2002
yem,0,2003
yem,0,2004
yem,0,2005
yem,0,2006
yem,0,2007
yem,0,2008
yug,0,1970
yug,0,1971
yug,0,1972
yug,0,1973
yug,0,1974
yug,0,1975
yug,176,1976
yug,0,1977
yug,0,1978
yug,0,1979
yug,0,1980
yug,0,1981
yug,0,1982
yug,0,1983
yug,0,1984
yug,0,1985
yug,0,1986
yug,0,1987
yug,0,1988
yug,0,1989
yug,0,1990
yug,0,1991
yug,0,1992
yug,0,1993
yug,0,1994
yug,0,1995
yug,0,1996
yug,0,1997
yug,0,1998
yug,0,1999
yug,0,2000
yug,0,2001
yug,0,2002
yug,0,2003
yug,0,2004
yug,0,2005
yug,0,2006
yug,0,2007
yug,0,2008
zmb,0,1970
zmb,0,1971
zmb,0,1972
zmb,0,1973
zmb,0,1974
zmb,0,1975
zmb,0,1976
zmb,0,1977
zmb,0,1978
zmb,0,1979
zmb,0,1980
zmb,0,1981
zmb,0,1982
zmb,0,1983
zmb,0,1984
zmb,0,1985
zmb,0,1986
zmb,0,1987
zmb,0,1988
zmb,0,1989
zmb,29,1990
zmb,0,1991
zmb,0,1992
zmb,0,1993
zmb,0,1994
zmb,0,1995
zmb,0,1996
zmb,0,1997
zmb,0,1998
zmb,0,1999
zmb,0,2000
zmb,0,2001
zmb,0,2002
zmb,0,2003
zmb,0,2004
zmb,13,2005
zmb,0,2006
zmb,0,2007
zmb,0,2008
