geo,all_forms_of_tb_number_of_new_cases_estimated,time
afg,21300,1990
afg,22760,1991
afg,24720,1992
afg,26930,1993
afg,29010,1994
afg,30720,1995
afg,31940,1996
afg,32770,1997
afg,33380,1998
afg,34020,1999
afg,34890,2000
afg,36030,2001
afg,37380,2002
afg,38890,2003
afg,40510,2004
afg,42180,2005
afg,43900,2006
afg,45680,2007
alb,819,1990
alb,803,1991
alb,815,1992
alb,847,1993
alb,839,1994
alb,861,1995
alb,840,1996
alb,862,1997
alb,860,1998
alb,839,1999
alb,781,2000
alb,724,2001
alb,699,2002
alb,696,2003
alb,660,2004
alb,629,2005
alb,584,2006
alb,538,2007
dza,9490,1990
dza,9963,1991
dza,10450,1992
dza,10960,1993
dza,11460,1994
dza,11970,1995
dza,12480,1996
dza,12980,1997
dza,13500,1998
dza,14030,1999
dza,14580,2000
dza,15150,2001
dza,15750,2002
dza,16380,2003
dza,17030,2004
dza,17710,2005
dza,18420,2006
dza,19160,2007
asm,10,1990
asm,3,1991
asm,1,1992
asm,4,1993
asm,4,1994
asm,6,1995
asm,0,1996
asm,7,1997
asm,3,1998
asm,4,1999
asm,3,2000
asm,3,2001
asm,2,2002
asm,3,2003
asm,6,2004
asm,7,2005
asm,4,2006
asm,3,2007
and,19,1990
and,18,1991
and,18,1992
and,18,1993
and,18,1994
and,18,1995
and,17,1996
and,17,1997
and,16,1998
and,15,1999
and,15,2000
and,14,2001
and,15,2002
and,14,2003
and,14,2004
and,14,2005
and,14,2006
and,14,2007
ago,21630,1990
ago,22740,1991
ago,23960,1992
ago,25250,1993
ago,26570,1994
ago,27900,1995
ago,29200,1996
ago,30510,1997
ago,31840,1998
ago,33260,1999
ago,34800,2000
ago,36480,2001
ago,38280,2002
ago,40220,2003
ago,42240,2004
ago,44340,2005
ago,46520,2006
ago,48780,2007
aia,2,1990
aia,2,1991
aia,2,1992
aia,2,1993
aia,2,1994
aia,2,1995
aia,2,1996
aia,2,1997
aia,2,1998
aia,3,1999
aia,3,2000
aia,3,2001
aia,3,2002
aia,3,2003
aia,3,2004
aia,3,2005
aia,3,2006
aia,3,2007
atg,6,1990
atg,6,1991
atg,6,1992
atg,6,1993
atg,6,1994
atg,5,1995
atg,5,1996
atg,5,1997
atg,5,1998
atg,5,1999
atg,5,2000
atg,5,2001
atg,5,2002
atg,5,2003
atg,5,2004
atg,5,2005
atg,5,2006
atg,5,2007
arg,19440,1990
arg,18960,1991
arg,18490,1992
arg,18020,1993
arg,17570,1994
arg,17110,1995
arg,16660,1996
arg,16220,1997
arg,15780,1998
arg,15350,1999
arg,14920,2000
arg,14500,2001
arg,14080,2002
arg,13670,2003
arg,13280,2004
arg,12900,2005
arg,12530,2006
arg,12170,2007
arm,1173,1990
arm,1114,1991
arm,1152,1992
arm,1232,1993
arm,1338,1994
arm,1501,1995
arm,1678,1996
arm,1815,1997
arm,1956,1998
arm,2067,1999
arm,2178,2000
arm,2209,2001
arm,2190,2002
arm,2169,2003
arm,2157,2004
arm,2167,2005
arm,2168,2006
arm,2171,2007
aus,1120,1990
aus,1142,1991
aus,1133,1992
aus,1174,1993
aus,1197,1994
aus,1243,1995
aus,1277,1996
aus,1211,1997
aus,1196,1998
aus,1156,1999
aus,1188,2000
aus,1165,2001
aus,1129,2002
aus,1159,2003
aus,1172,2004
aus,1252,2005
aus,1274,2006
aus,1295,2007
aut,1801,1990
aut,1712,1991
aut,1643,1992
aut,1554,1993
aut,1501,1994
aut,1438,1995
aut,1395,1996
aut,1353,1997
aut,1299,1998
aut,1223,1999
aut,1172,2000
aut,1133,2001
aut,1126,2002
aut,1086,2003
aut,1069,2004
aut,1058,2005
aut,1047,2006
aut,1035,2007
aze,2546,1990
aze,2480,1991
aze,2653,1992
aze,2951,1993
aze,3332,1994
aze,3865,1995
aze,4438,1996
aze,4903,1997
aze,5371,1998
aze,5753,1999
aze,6137,2000
aze,6295,2001
aze,6303,2002
aze,6295,2003
aze,6313,2004
aze,6395,2005
aze,6460,2006
aze,6530,2007
bhs,113,1990
bhs,115,1991
bhs,117,1992
bhs,119,1993
bhs,122,1994
bhs,124,1995
bhs,126,1996
bhs,128,1997
bhs,130,1998
bhs,132,1999
bhs,134,2000
bhs,136,2001
bhs,138,2002
bhs,139,2003
bhs,141,2004
bhs,143,2005
bhs,145,2006
bhs,146,2007
bhr,376,1990
bhr,367,1991
bhr,361,1992
bhr,349,1993
bhr,345,1994
bhr,338,1995
bhr,335,1996
bhr,332,1997
bhr,326,1998
bhr,314,1999
bhr,307,2000
bhr,303,2001
bhr,307,2002
bhr,301,2003
bhr,301,2004
bhr,303,2005
bhr,304,2006
bhr,305,2007
bgd,298200,1990
bgd,302100,1991
bgd,305900,1992
bgd,309700,1993
bgd,313400,1994
bgd,316900,1995
bgd,320300,1996
bgd,323500,1997
bgd,326600,1998
bgd,329700,1999
bgd,332800,2000
bgd,336000,2001
bgd,339100,2002
bgd,342200,2003
bgd,345200,2004
bgd,348000,2005
bgd,350600,2006
bgd,353100,2007
brb,19,1990
brb,18,1991
brb,17,1992
brb,16,1993
brb,15,1994
brb,15,1995
brb,14,1996
brb,14,1997
brb,13,1998
brb,13,1999
brb,12,2000
brb,12,2001
brb,12,2002
brb,11,2003
brb,11,2004
brb,11,2005
brb,11,2006
brb,11,2007
blr,3948,1990
blr,3461,1991
blr,3873,1992
blr,4100,1993
blr,5018,1994
blr,5570,1995
blr,6186,1996
blr,6673,1997
blr,7329,1998
blr,7633,1999
blr,7385,2000
blr,6558,2001
blr,5924,2002
blr,5902,2003
blr,5965,2004
blr,5978,2005
blr,5944,2006
blr,5910,2007
bel,1997,1990
bel,1864,1991
bel,1832,1992
bel,1857,1993
bel,1877,1994
bel,1811,1995
bel,1701,1996
bel,1625,1997
bel,1530,1998
bel,1536,1999
bel,1586,2000
bel,1623,2001
bel,1518,2002
bel,1436,2003
bel,1378,2004
bel,1384,2005
bel,1310,2006
bel,1235,2007
blz,74,1990
blz,76,1991
blz,79,1992
blz,81,1993
blz,83,1994
blz,86,1995
blz,88,1996
blz,90,1997
blz,93,1998
blz,95,1999
blz,98,2000
blz,100,2001
blz,103,2002
blz,105,2003
blz,108,2004
blz,110,2005
blz,113,2006
blz,115,2007
ben,3963,1990
ben,4151,1991
ben,4353,1992
ben,4565,1993
ben,4781,1994
ben,4997,1995
ben,5211,1996
ben,5426,1997
ben,5644,1998
ben,5874,1999
ben,6118,2000
ben,6379,2001
ben,6656,2002
ben,6947,2003
ben,7249,2004
ben,7559,2005
ben,7878,2006
ben,8206,2007
bmu,4,1990
bmu,4,1991
bmu,4,1992
bmu,4,1993
bmu,3,1994
bmu,3,1995
bmu,3,1996
bmu,3,1997
bmu,3,1998
bmu,3,1999
bmu,3,2000
bmu,3,2001
bmu,3,2002
bmu,2,2003
bmu,2,2004
bmu,2,2005
bmu,2,2006
bmu,2,2007
btn,2955,1990
btn,2807,1991
btn,2633,1992
btn,2455,1993
btn,2297,1994
btn,2172,1995
btn,2082,1996
btn,2018,1997
btn,1973,1998
btn,1935,1999
btn,1899,2000
btn,1864,2001
btn,1832,2002
btn,1798,2003
btn,1761,2004
btn,1719,2005
btn,1671,2006
btn,1620,2007
bol,16970,1990
bol,16870,1991
bol,16760,1992
bol,16660,1993
bol,16560,1994
bol,16440,1995
bol,16320,1996
bol,16200,1997
bol,16060,1998
bol,15920,1999
bol,15790,2000
bol,15650,2001
bol,15500,2002
bol,15360,2003
bol,15210,2004
bol,15050,2005
bol,14890,2006
bol,14720,2007
bih,4029,1990
bih,3850,1991
bih,3674,1992
bih,3417,1993
bih,3143,1994
bih,2886,1995
bih,2810,1996
bih,2815,1997
bih,2821,1998
bih,2624,1999
bih,2380,2000
bih,2234,2001
bih,2187,2002
bih,2129,2003
bih,2081,2004
bih,2043,2005
bih,2028,2006
bih,2012,2007
bwa,4201,1990
bwa,4793,1991
bwa,5267,1992
bwa,5801,1993
bwa,6347,1994
bwa,6948,1995
bwa,7506,1996
bwa,8235,1997
bwa,9059,1998
bwa,9998,1999
bwa,11070,2000
bwa,12140,2001
bwa,13130,2002
bwa,13850,2003
bwa,14150,2004
bwa,14140,2005
bwa,13950,2006
bwa,13760,2007
bra,125100,1990
bra,123100,1991
bra,121000,1992
bra,118900,1993
bra,116900,1994
bra,114800,1995
bra,112800,1996
bra,110900,1997
bra,108900,1998
bra,107000,1999
bra,105100,2000
bra,103200,2001
bra,101300,2002
bra,99470,2003
bra,97620,2004
bra,95770,2005
bra,93930,2006
bra,92100,2007
vgb,3,1990
vgb,3,1991
vgb,3,1992
vgb,3,1993
vgb,3,1994
vgb,3,1995
vgb,3,1996
vgb,3,1997
vgb,3,1998
vgb,3,1999
vgb,2,2000
vgb,2,2001
vgb,2,2002
vgb,2,2003
vgb,2,2004
vgb,2,2005
vgb,2,2006
vgb,2,2007
brn,148,1990
brn,153,1991
brn,157,1992
brn,162,1993
brn,166,1994
brn,170,1995
brn,175,1996
brn,179,1997
brn,184,1998
brn,302,1999
brn,341,2000
brn,240,2001
brn,256,2002
brn,229,2003
brn,196,2004
brn,181,2005
brn,224,2006
brn,230,2007
bgr,2353,1990
bgr,2616,1991
bgr,2929,1992
bgr,3130,1993
bgr,3178,1994
bgr,3143,1995
bgr,3213,1996
bgr,3501,1997
bgr,3637,1998
bgr,3606,1999
bgr,3525,2000
bgr,3460,2001
bgr,3367,2002
bgr,3093,2003
bgr,3059,2004
bgr,3081,2005
bgr,3021,2006
bgr,2962,2007
bfa,8429,1990
bfa,9618,1991
bfa,10580,1992
bfa,11670,1993
bfa,12810,1994
bfa,14090,1995
bfa,15310,1996
bfa,16910,1997
bfa,18760,1998
bfa,20950,1999
bfa,23530,2000
bfa,26260,2001
bfa,28980,2002
bfa,31210,2003
bfa,32560,2004
bfa,33190,2005
bfa,33340,2006
bfa,33440,2007
bdi,8776,1990
bdi,9954,1991
bdi,10860,1992
bdi,11850,1993
bdi,12830,1994
bdi,13900,1995
bdi,14840,1996
bdi,16090,1997
bdi,17540,1998
bdi,19280,1999
bdi,21430,2000
bdi,23760,2001
bdi,26170,2002
bdi,28240,2003
bdi,29600,2004
bdi,30380,2005
bdi,30790,2006
bdi,31220,2007
khm,56740,1990
khm,58170,1991
khm,59600,1992
khm,60980,1993
khm,62290,1994
khm,63470,1995
khm,64540,1996
khm,65480,1997
khm,66330,1998
khm,67090,1999
khm,67770,2000
khm,68390,2001
khm,68950,2002
khm,69460,2003
khm,69960,2004
khm,70460,2005
khm,70980,2006
khm,71500,2007
cmr,9856,1990
cmr,11250,1991
cmr,12360,1992
cmr,13610,1993
cmr,14910,1994
cmr,16350,1995
cmr,17700,1996
cmr,19470,1997
cmr,21500,1998
cmr,23860,1999
cmr,26620,2000
cmr,29470,2001
cmr,32240,2002
cmr,34420,2003
cmr,35570,2004
cmr,35930,2005
cmr,35770,2006
cmr,35560,2007
can,2647,1990
can,2529,1991
can,2433,1992
can,2306,1993
can,2233,1994
can,2147,1995
can,2096,1996
can,2048,1997
can,1983,1998
can,1884,1999
can,1818,2000
can,1770,2001
can,1770,2002
can,1716,2003
can,1698,2004
can,1689,2005
can,1679,2006
can,1669,2007
cpv,623,1990
cpv,633,1991
cpv,642,1992
cpv,652,1993
cpv,663,1994
cpv,673,1995
cpv,683,1996
cpv,692,1997
cpv,702,1998
cpv,712,1999
cpv,722,2000
cpv,733,2001
cpv,744,2002
cpv,755,2003
cpv,766,2004
cpv,777,2005
cpv,788,2006
cpv,798,2007
cym,2,1990
cym,2,1991
cym,2,1992
cym,2,1993
cym,2,1994
cym,2,1995
cym,2,1996
cym,2,1997
cym,2,1998
cym,2,1999
cym,2,2000
cym,2,2001
cym,2,2002
cym,2,2003
cym,2,2004
cym,2,2005
cym,2,2006
cym,2,2007
caf,4360,1990
caf,4963,1991
caf,5450,1992
caf,6007,1993
caf,6583,1994
caf,7221,1995
caf,7818,1996
caf,8600,1997
caf,9488,1998
caf,10500,1999
caf,11670,2000
caf,12850,2001
caf,13950,2002
caf,14780,2003
caf,15160,2004
caf,15230,2005
caf,15110,2006
caf,14980,2007
tcd,7671,1990
tcd,8772,1991
tcd,9664,1992
tcd,10680,1993
tcd,11750,1994
tcd,12960,1995
tcd,14130,1996
tcd,15680,1997
tcd,17480,1998
tcd,19610,1999
tcd,22140,2000
tcd,24840,2001
tcd,27560,2002
tcd,29830,2003
tcd,31240,2004
tcd,31920,2005
tcd,32100,2006
tcd,32200,2007
chl,4962,1990
chl,4730,1991
chl,4509,1992
chl,4298,1993
chl,4094,1994
chl,3896,1995
chl,3703,1996
chl,3516,1997
chl,3336,1998
chl,3163,1999
chl,2998,2000
chl,2840,2001
chl,2689,2002
chl,2545,2003
chl,2408,2004
chl,2278,2005
chl,2155,2006
chl,2038,2007
chn,1339000,1990
chn,1342000,1991
chn,1344000,1992
chn,1345000,1993
chn,1345000,1994
chn,1345000,1995
chn,1345000,1996
chn,1344000,1997
chn,1343000,1998
chn,1341000,1999
chn,1339000,2000
chn,1335000,2001
chn,1331000,2002
chn,1327000,2003
chn,1322000,2004
chn,1316000,2005
chn,1311000,2006
chn,1306000,2007
col,18440,1990
col,18360,1991
col,18270,1992
col,18170,1993
col,18080,1994
col,17980,1995
col,17870,1996
col,17760,1997
col,17650,1998
col,17530,1999
col,17400,2000
col,17270,2001
col,17130,2002
col,16990,2003
col,16830,2004
col,16670,2005
col,16510,2006
col,16330,2007
com,450,1990
com,444,1991
com,438,1992
com,432,1993
com,427,1994
com,421,1995
com,415,1996
com,410,1997
com,404,1998
com,399,1999
com,393,2000
com,388,2001
com,382,2002
com,376,2003
com,370,2004
com,364,2005
com,358,2006
com,352,2007
cog,4102,1990
cog,4678,1991
cog,5141,1992
cog,5668,1993
cog,6216,1994
cog,6830,1995
cog,7416,1996
cog,8188,1997
cog,9077,1998
cog,10110,1999
cog,11300,2000
cog,12540,2001
cog,13730,2002
cog,14670,2003
cog,15160,2004
cog,15330,2005
cog,15270,2006
cog,15190,2007
cok,0,1990
cok,1,1991
cok,7,1992
cok,6,1993
cok,4,1994
cok,2,1995
cok,1,1996
cok,2,1997
cok,0,1998
cok,3,1999
cok,1,2000
cok,2,2001
cok,1,2002
cok,0,2003
cok,1,2004
cok,1,2005
cok,1,2006
cok,2,2007
cri,557,1990
cri,554,1991
cri,552,1992
cri,549,1993
cri,546,1994
cri,543,1995
cri,541,1996
cri,539,1997
cri,537,1998
cri,534,1999
cri,531,2000
cri,527,2001
cri,522,2002
cri,517,2003
cri,511,2004
cri,505,2005
cri,498,2006
cri,491,2007
hrv,3326,1990
hrv,3305,1991
hrv,3347,1992
hrv,3336,1993
hrv,3260,1994
hrv,3101,1995
hrv,3026,1996
hrv,2956,1997
hrv,2840,1998
hrv,2534,1999
hrv,2229,2000
hrv,2057,2001
hrv,1999,2002
hrv,1945,2003
hrv,1904,2004
hrv,1870,2005
hrv,1853,2006
hrv,1834,2007
cub,2695,1990
cub,2505,1991
cub,2326,1992
cub,2157,1993
cub,2000,1994
cub,1853,1995
cub,1717,1996
cub,1590,1997
cub,1472,1998
cub,1363,1999
cub,1261,2000
cub,1166,2001
cub,1078,2002
cub,997,2003
cub,921,2004
cub,850,2005
cub,785,2006
cub,724,2007
cyp,63,1990
cyp,60,1991
cyp,58,1992
cyp,55,1993
cyp,54,1994
cyp,52,1995
cyp,51,1996
cyp,50,1997
cyp,49,1998
cyp,47,1999
cyp,45,2000
cyp,44,2001
cyp,44,2002
cyp,43,2003
cyp,43,2004
cyp,43,2005
cyp,42,2006
cyp,42,2007
cze,2143,1990
cze,2172,1991
cze,2146,1992
cze,2103,1993
cze,2048,1994
cze,2087,1995
cze,2041,1996
cze,2030,1997
cze,1898,1998
cze,1746,1999
cze,1560,2000
cze,1397,2001
cze,1284,2002
cze,1189,2003
cze,1122,2004
cze,1065,2005
cze,979,2006
cze,893,2007
civ,22580,1990
civ,25900,1991
civ,28590,1992
civ,31620,1993
civ,34740,1994
civ,38220,1995
civ,41520,1996
civ,45840,1997
civ,50740,1998
civ,56360,1999
civ,62770,2000
civ,69210,2001
civ,75260,2002
civ,79770,2003
civ,81910,2004
civ,82310,2005
civ,81650,2006
civ,81000,2007
prk,69380,1990
prk,70450,1991
prk,71560,1992
prk,72670,1993
prk,73760,1994
prk,74800,1995
prk,75780,1996
prk,76700,1997
prk,77560,1998
prk,78340,1999
prk,79040,2000
prk,79640,2001
prk,80160,2002
prk,80600,2003
prk,80990,2004
prk,81340,2005
prk,81660,2006
prk,81940,2007
cod,62430,1990
cod,71790,1991
cod,79670,1992
cod,88660,1993
cod,97840,1994
cod,107700,1995
cod,116600,1996
cod,128000,1997
cod,140800,1998
cod,155800,1999
cod,173800,2000
cod,193000,2001
cod,212100,2002
cod,228000,2003
cod,237600,2004
cod,242300,2005
cod,243900,2006
cod,245300,2007
dnk,779,1990
dnk,737,1991
dnk,703,1992
dnk,661,1993
dnk,636,1994
dnk,608,1995
dnk,590,1996
dnk,574,1997
dnk,553,1998
dnk,523,1999
dnk,502,2000
dnk,485,2001
dnk,482,2002
dnk,464,2003
dnk,456,2004
dnk,450,2005
dnk,444,2006
dnk,438,2007
dji,3265,1990
dji,3443,1991
dji,3588,1992
dji,3714,1993
dji,3848,1994
dji,4009,1995
dji,4206,1996
dji,4432,1997
dji,4678,1998
dji,4928,1999
dji,5170,2000
dji,5399,2001
dji,5620,2002
dji,5836,2003
dji,6055,2004
dji,6283,2005
dji,6522,2006
dji,6769,2007
dma,10,1990
dma,10,1991
dma,10,1992
dma,10,1993
dma,10,1994
dma,10,1995
dma,10,1996
dma,10,1997
dma,10,1998
dma,10,1999
dma,10,2000
dma,9,2001
dma,9,2002
dma,9,2003
dma,9,2004
dma,9,2005
dma,9,2006
dma,9,2007
dom,8323,1990
dom,8239,1991
dom,8155,1992
dom,8070,1993
dom,7984,1994
dom,7896,1995
dom,7808,1996
dom,7718,1997
dom,7627,1998
dom,7535,1999
dom,7441,2000
dom,7347,2001
dom,7251,2002
dom,7154,2003
dom,7057,2004
dom,6960,2005
dom,6862,2006
dom,6764,2007
ecu,17130,1990
ecu,17020,1991
ecu,16890,1992
ecu,16750,1993
ecu,16590,1994
ecu,16420,1995
ecu,16220,1996
ecu,16010,1997
ecu,15790,1998
ecu,15550,1999
ecu,15310,2000
ecu,15060,2001
ecu,14810,2002
ecu,14550,2003
ecu,14290,2004
ecu,14030,2005
ecu,13770,2006
ecu,13520,2007
egy,20170,1990
egy,20240,1991
egy,20780,1992
egy,20390,1993
egy,20500,1994
egy,20390,1995
egy,20130,1996
egy,19230,1997
egy,18680,1998
egy,18370,1999
egy,18200,2000
egy,17920,2001
egy,17600,2002
egy,17200,2003
egy,16720,2004
egy,16360,2005
egy,16120,2006
egy,15870,2007
slv,4204,1990
slv,4099,1991
slv,4002,1992
slv,3911,1993
slv,3823,1994
slv,3736,1995
slv,3652,1996
slv,3568,1997
slv,3485,1998
slv,3401,1999
slv,3315,2000
slv,3227,2001
slv,3138,2002
slv,3050,2003
slv,2962,2004
slv,2877,2005
slv,2795,2006
slv,2715,2007
gnq,365,1990
gnq,413,1991
gnq,452,1992
gnq,496,1993
gnq,542,1994
gnq,593,1995
gnq,641,1996
gnq,705,1997
gnq,779,1998
gnq,865,1999
gnq,965,2000
gnq,1068,2001
gnq,1168,2002
gnq,1247,2003
gnq,1290,2004
gnq,1305,2005
gnq,1302,2006
gnq,1299,2007
eri,2272,1990
eri,2326,1991
eri,2367,1992
eri,2404,1993
eri,2449,1994
eri,2512,1995
eri,2596,1996
eri,2700,1997
eri,2824,1998
eri,2968,1999
eri,3130,2000
eri,3311,2001
eri,3512,2002
eri,3729,2003
eri,3953,2004
eri,4178,2005
eri,4402,2006
eri,4629,2007
est,500,1990
est,492,1991
est,536,1992
est,623,1993
est,709,1994
est,769,1995
est,817,1996
est,895,1997
est,923,1998
est,942,1999
est,897,2000
est,844,2001
est,751,2002
est,683,2003
est,627,2004
est,573,2005
est,541,2006
est,509,2007
eth,81260,1990
eth,93140,1991
eth,102900,1992
eth,114000,1993
eth,125500,1994
eth,138300,1995
eth,150400,1996
eth,166200,1997
eth,184300,1998
eth,205300,1999
eth,229800,2000
eth,255100,2001
eth,279800,2002
eth,299400,2003
eth,310400,2004
eth,314600,2005
eth,314600,2006
eth,314300,2007
fji,366,1990
fji,350,1991
fji,336,1992
fji,323,1993
fji,311,1994
fji,299,1995
fji,286,1996
fji,274,1997
fji,262,1998
fji,251,1999
fji,240,2000
fji,229,2001
fji,219,2002
fji,209,2003
fji,199,2004
fji,190,2005
fji,182,2006
fji,174,2007
fin,874,1990
fin,780,1991
fin,701,1992
fin,625,1993
fin,611,1994
fin,647,1995
fin,654,1996
fin,643,1997
fin,615,1998
fin,599,1999
fin,540,2000
fin,500,2001
fin,453,2002
fin,404,2003
fin,365,2004
fin,326,2005
fin,320,2006
fin,313,2007
fra,14810,1990
fra,14050,1991
fra,13430,1992
fra,12660,1993
fra,12190,1994
fra,11650,1995
fra,11310,1996
fra,10980,1997
fra,10560,1998
fra,9977,1999
fra,9580,2000
fra,9280,2001
fra,9242,2002
fra,8926,2003
fra,8799,2004
fra,8720,2005
fra,8636,2006
fra,8548,2007
pyf,66,1990
pyf,54,1991
pyf,92,1992
pyf,87,1993
pyf,99,1994
pyf,116,1995
pyf,96,1996
pyf,101,1997
pyf,117,1998
pyf,103,1999
pyf,69,2000
pyf,69,2001
pyf,71,2002
pyf,56,2003
pyf,67,2004
pyf,70,2005
pyf,77,2006
pyf,71,2007
gab,1408,1990
gab,1415,1991
gab,1443,1992
gab,1508,1993
gab,1605,1994
gab,1597,1995
gab,1798,1996
gab,1934,1997
gab,2270,1998
gab,2434,1999
gab,3008,2000
gab,3265,2001
gab,3503,2002
gab,3539,2003
gab,3760,2004
gab,4192,2005
gab,4793,2006
gab,5408,2007
gmb,1783,1990
gmb,1888,1991
gmb,1999,1992
gmb,2115,1993
gmb,2238,1994
gmb,2368,1995
gmb,2505,1996
gmb,2648,1997
gmb,2799,1998
gmb,2956,1999
gmb,3118,2000
gmb,3287,2001
gmb,3461,2002
gmb,3641,2003
gmb,3827,2004
gmb,4018,2005
gmb,4214,2006
gmb,4415,2007
geo,2106,1990
geo,2001,1991
geo,2074,1992
geo,2227,1993
geo,2427,1994
geo,2727,1995
geo,3047,1996
geo,3288,1997
geo,3529,1998
geo,3710,1999
geo,3887,2000
geo,3919,2001
geo,3861,2002
geo,3797,2003
geo,3751,2004
geo,3743,2005
geo,3722,2006
geo,3703,2007
deu,15520,1990
deu,15060,1991
deu,14890,1992
deu,14720,1993
deu,14040,1994
deu,13200,1995
deu,12550,1996
deu,11920,1997
deu,11260,1998
deu,10510,1999
deu,9272,2000
deu,8187,2001
deu,7282,2002
deu,6943,2003
deu,6446,2004
deu,5909,2005
deu,5411,2006
deu,4910,2007
gha,34710,1990
gha,35520,1991
gha,36340,1992
gha,37160,1993
gha,37980,1994
gha,38770,1995
gha,39540,1996
gha,40280,1997
gha,41010,1998
gha,41740,1999
gha,42480,2000
gha,43230,2001
gha,43990,2002
gha,44750,2003
gha,45500,2004
gha,46230,2005
gha,46940,2006
gha,47630,2007
grc,3404,1990
grc,3238,1991
grc,3108,1992
grc,2944,1993
grc,2850,1994
grc,2737,1995
grc,2668,1996
grc,2601,1997
grc,2509,1998
grc,2374,1999
grc,2280,2000
grc,2204,2001
grc,2187,2002
grc,2103,2003
grc,2064,2004
grc,2037,2005
grc,2010,2006
grc,1984,2007
grd,4,1990
grd,4,1991
grd,4,1992
grd,4,1993
grd,4,1994
grd,4,1995
grd,4,1996
grd,4,1997
grd,4,1998
grd,4,1999
grd,4,2000
grd,4,2001
grd,4,2002
grd,4,2003
grd,4,2004
grd,4,2005
grd,4,2006
grd,4,2007
gum,69,1990
gum,69,1991
gum,67,1992
gum,78,1993
gum,104,1994
gum,68,1995
gum,67,1996
gum,67,1997
gum,66,1998
gum,66,1999
gum,60,2000
gum,70,2001
gum,57,2002
gum,65,2003
gum,56,2004
gum,70,2005
gum,49,2006
gum,59,2007
gtm,6633,1990
gtm,6725,1991
gtm,6819,1992
gtm,6915,1993
gtm,7011,1994
gtm,7108,1995
gtm,7205,1996
gtm,7302,1997
gtm,7402,1998
gtm,7505,1999
gtm,7614,2000
gtm,7728,2001
gtm,7847,2002
gtm,7970,2003
gtm,8096,2004
gtm,8223,2005
gtm,8351,2006
gtm,8479,2007
gin,7197,1990
gin,7881,1991
gin,8651,1992
gin,9495,1993
gin,10390,1994
gin,11310,1995
gin,12260,1996
gin,13230,1997
gin,14230,1998
gin,15290,1999
gin,16410,2000
gin,17610,2001
gin,18890,2002
gin,20260,2003
gin,21740,2004
gin,23330,2005
gin,25060,2006
gin,26930,2007
gnb,1602,1990
gnb,1685,1991
gnb,1774,1992
gnb,1870,1993
gnb,1969,1994
gnb,2070,1995
gnb,2173,1996
gnb,2279,1997
gnb,2388,1998
gnb,2503,1999
gnb,2627,2000
gnb,2760,2001
gnb,2902,2002
gnb,3053,2003
gnb,3211,2004
gnb,3376,2005
gnb,3548,2006
gnb,3727,2007
guy,196,1990
guy,225,1991
guy,189,1992
guy,250,1993
guy,303,1994
guy,408,1995
guy,473,1996
guy,483,1997
guy,526,1998
guy,533,1999
guy,581,2000
guy,666,2001
guy,764,2002
guy,848,2003
guy,871,2004
guy,908,2005
guy,904,2006
guy,898,2007
hti,21730,1990
hti,22170,1991
hti,22610,1992
hti,23060,1993
hti,23500,1994
hti,23950,1995
hti,24400,1996
hti,24850,1997
hti,25300,1998
hti,25750,1999
hti,26200,2000
hti,26640,2001
hti,27080,2002
hti,27520,2003
hti,27960,2004
hti,28410,2005
hti,28870,2006
hti,29330,2007
hnd,4779,1990
hnd,4771,1991
hnd,4760,1992
hnd,4745,1993
hnd,4726,1994
hnd,4701,1995
hnd,4670,1996
hnd,4636,1997
hnd,4597,1998
hnd,4557,1999
hnd,4515,2000
hnd,4473,2001
hnd,4430,2002
hnd,4387,2003
hnd,4344,2004
hnd,4301,2005
hnd,4259,2006
hnd,4218,2007
hun,4254,1990
hun,4328,1991
hun,4569,1992
hun,4765,1993
hun,4912,1994
hun,4988,1995
hun,5017,1996
hun,4885,1997
hun,4548,1998
hun,4096,1999
hun,3681,2000
hun,3367,2001
hun,3149,2002
hun,2889,2003
hun,2536,2004
hun,2220,2005
hun,1945,2006
hun,1672,2007
isl,15,1990
isl,15,1991
isl,13,1992
isl,13,1993
isl,12,1994
isl,12,1995
isl,10,1996
isl,11,1997
isl,11,1998
isl,12,1999
isl,10,2000
isl,10,2001
isl,8,2002
isl,7,2003
isl,8,2004
isl,10,2005
isl,10,2006
isl,11,2007
ind,1444000,1990
ind,1475000,1991
ind,1506000,1992
ind,1538000,1993
ind,1570000,1994
ind,1601000,1995
ind,1633000,1996
ind,1664000,1997
ind,1695000,1998
ind,1725000,1999
ind,1756000,2000
ind,1786000,2001
ind,1816000,2002
ind,1845000,2003
ind,1875000,2004
ind,1904000,2005
ind,1933000,2006
ind,1962000,2007
idn,626900,1990
idn,622000,1991
idn,616800,1992
idn,611400,1993
idn,605900,1994
idn,600300,1995
idn,594500,1996
idn,588700,1997
idn,582800,1998
idn,576900,1999
idn,570900,2000
idn,565000,2001
idn,559000,2002
idn,553000,2003
idn,546900,2004
idn,540700,2005
idn,534400,2006
idn,528100,2007
irn,20310,1990
irn,21480,1991
irn,24030,1992
irn,23330,1993
irn,24340,1994
irn,24680,1995
irn,24510,1996
irn,22130,1997
irn,20900,1998
irn,20430,1999
irn,20430,2000
irn,20090,2001
irn,19540,2002
irn,18620,2003
irn,17320,2004
irn,16430,2005
irn,15940,2006
irn,15450,2007
irq,10370,1990
irq,10680,1991
irq,11020,1992
irq,11370,1993
irq,11740,1994
irq,12120,1995
irq,12500,1996
irq,12890,1997
irq,13280,1998
irq,13660,1999
irq,14030,2000
irq,14390,2001
irq,14730,2002
irq,15060,2003
irq,15380,2004
irq,15680,2005
irq,15970,2006
irq,16240,2007
irl,861,1990
irl,831,1991
irl,819,1992
irl,777,1993
irl,712,1994
irl,639,1995
irl,582,1996
irl,567,1997
irl,576,1998
irl,563,1999
irl,549,2000
irl,514,2001
irl,500,2002
irl,494,2003
irl,499,2004
irl,526,2005
irl,546,2006
irl,567,2007
isr,641,1990
isr,624,1991
isr,615,1992
isr,598,1993
isr,595,1994
isr,585,1995
isr,582,1996
isr,579,1997
isr,569,1998
isr,548,1999
isr,535,2000
isr,527,2001
isr,532,2002
isr,520,2003
isr,519,2004
isr,520,2005
isr,521,2006
isr,522,2007
ita,7864,1990
ita,7431,1991
ita,7080,1992
ita,6652,1993
ita,6389,1994
ita,6092,1995
ita,5899,1996
ita,5718,1997
ita,5491,1998
ita,5176,1999
ita,4960,2000
ita,4793,2001
ita,4761,2002
ita,4586,2003
ita,4507,2004
ita,4454,2005
ita,4396,2006
ita,4336,2007
jam,155,1990
jam,156,1991
jam,158,1992
jam,160,1993
jam,161,1994
jam,163,1995
jam,164,1996
jam,166,1997
jam,167,1998
jam,168,1999
jam,170,2000
jam,171,2001
jam,172,2002
jam,173,2003
jam,175,2004
jam,176,2005
jam,177,2006
jam,178,2007
jpn,58080,1990
jpn,56530,1991
jpn,55280,1992
jpn,52970,1993
jpn,50770,1994
jpn,48400,1995
jpn,47570,1996
jpn,47910,1997
jpn,47420,1998
jpn,46380,1999
jpn,43200,2000
jpn,40220,2001
jpn,37330,2002
jpn,35180,2003
jpn,33070,2004
jpn,30710,2005
jpn,28860,2006
jpn,26990,2007
jor,538,1990
jor,543,1991
jor,540,1992
jor,566,1993
jor,561,1994
jor,578,1995
jor,560,1996
jor,511,1997
jor,470,1998
jor,433,1999
jor,417,2000
jor,392,2001
jor,394,2002
jor,387,2003
jor,409,2004
jor,429,2005
jor,435,2006
jor,441,2007
kaz,9647,1990
kaz,8988,1991
kaz,8836,1992
kaz,8750,1993
kaz,8858,1994
kaz,9834,1995
kaz,11370,1996
kaz,13930,1997
kaz,16950,1998
kaz,19590,1999
kaz,21110,2000
kaz,21810,2001
kaz,22120,2002
kaz,22210,2003
kaz,21720,2004
kaz,20850,2005
kaz,20370,2006
kaz,19890,2007
ken,26260,1990
ken,27620,1991
ken,33700,1992
ken,41290,1993
ken,51000,1994
ken,61310,1995
ken,72750,1996
ken,87460,1997
ken,102200,1998
ken,116300,1999
ken,126500,2000
ken,130800,2001
ken,137800,2002
ken,147300,2003
ken,152900,2004
ken,144600,2005
ken,135400,2006
ken,132400,2007
kir,369,1990
kir,368,1991
kir,366,1992
kir,363,1993
kir,361,1994
kir,359,1995
kir,357,1996
kir,356,1997
kir,354,1998
kir,354,1999
kir,353,2000
kir,352,2001
kir,352,2002
kir,351,2003
kir,351,2004
kir,350,2005
kir,348,2006
kir,347,2007
kwt,954,1990
kwt,880,1991
kwt,795,1992
kwt,699,1993
kwt,634,1994
kwt,589,1995
kwt,579,1996
kwt,588,1997
kwt,603,1998
kwt,607,1999
kwt,615,2000
kwt,622,2001
kwt,642,2002
kwt,640,2003
kwt,648,2004
kwt,658,2005
kwt,667,2006
kwt,674,2007
kgz,2412,1990
kgz,2568,1991
kgz,2610,1992
kgz,2680,1993
kgz,2957,1994
kgz,3532,1995
kgz,4382,1996
kgz,5186,1997
kgz,5983,1998
kgz,6341,1999
kgz,6672,2000
kgz,6753,2001
kgz,6743,2002
kgz,6551,2003
kgz,6449,2004
kgz,6449,2005
kgz,6449,2006
kgz,6451,2007
lao,7278,1990
lao,7425,1991
lao,7571,1992
lao,7714,1993
lao,7850,1994
lao,7976,1995
lao,8092,1996
lao,8198,1997
lao,8294,1998
lao,8379,1999
lao,8454,2000
lao,8518,2001
lao,8572,2002
lao,8622,2003
lao,8671,2004
lao,8726,2005
lao,8786,2006
lao,8851,2007
lva,916,1990
lva,949,1991
lva,978,1992
lva,1041,1993
lva,1240,1994
lva,1498,1995
lva,1791,1996
lva,2007,1997
lva,2050,1998
lva,2044,1999
lva,1983,2000
lva,1952,2001
lva,1852,2002
lva,1710,2003
lva,1577,2004
lva,1443,2005
lva,1325,2006
lva,1208,2007
lbn,1487,1990
lbn,1510,1991
lbn,1542,1992
lbn,1576,1993
lbn,1635,1994
lbn,1594,1995
lbn,1457,1996
lbn,1257,1997
lbn,1164,1998
lbn,1089,1999
lbn,1018,2000
lbn,878,2001
lbn,769,2002
lbn,697,2003
lbn,670,2004
lbn,668,2005
lbn,715,2006
lbn,762,2007
lso,2945,1990
lso,3263,1991
lso,3582,1992
lso,4072,1993
lso,4751,1994
lso,5570,1995
lso,6350,1996
lso,7315,1997
lso,8411,1998
lso,9635,1999
lso,10430,2000
lso,11010,2001
lso,11840,2002
lso,12380,2003
lso,12640,2004
lso,12660,2005
lso,12720,2006
lso,12780,2007
lbr,4244,1990
lbr,4266,1991
lbr,4279,1992
lbr,4322,1993
lbr,4448,1994
lbr,4696,1995
lbr,5098,1996
lbr,5642,1997
lbr,6269,1998
lbr,6885,1999
lbr,7420,2000
lbr,7838,2001
lbr,8159,2002
lbr,8434,2003
lbr,8750,2004
lbr,9172,2005
lbr,9726,2006
lbr,10390,2007
lby,1306,1990
lby,1312,1991
lby,1349,1992
lby,1325,1993
lby,1335,1994
lby,1330,1995
lby,1315,1996
lby,1258,1997
lby,1224,1998
lby,1206,1999
lby,1197,2000
lby,1181,2001
lby,1162,2002
lby,1138,2003
lby,1109,2004
lby,1087,2005
lby,1074,2006
lby,1060,2007
ltu,1472,1990
ltu,1545,1991
ltu,1687,1992
ltu,1880,1993
ltu,2134,1994
ltu,2372,1995
ltu,2637,1996
ltu,2854,1997
ltu,2916,1998
ltu,2826,1999
ltu,2687,2000
ltu,2558,2001
ltu,2535,2002
ltu,2347,2003
ltu,2247,2004
ltu,2175,2005
ltu,2241,2006
ltu,2305,2007
lux,88,1990
lux,84,1991
lux,81,1992
lux,77,1993
lux,75,1994
lux,72,1995
lux,71,1996
lux,69,1997
lux,67,1998
lux,64,1999
lux,62,2000
lux,61,2001
lux,60,2002
lux,59,2003
lux,58,2004
lux,57,2005
lux,57,2006
lux,57,2007
mdg,21340,1990
mdg,22420,1991
mdg,23560,1992
mdg,24770,1993
mdg,26040,1994
mdg,27390,1995
mdg,28800,1996
mdg,30290,1997
mdg,31850,1998
mdg,33490,1999
mdg,35190,2000
mdg,36970,2001
mdg,38830,2002
mdg,40760,2003
mdg,42780,2004
mdg,44880,2005
mdg,47080,2006
mdg,49360,2007
mwi,24370,1990
mwi,27640,1991
mwi,30740,1992
mwi,33820,1993
mwi,37050,1994
mwi,39380,1995
mwi,40180,1996
mwi,42540,1997
mwi,45060,1998
mwi,47100,1999
mwi,49370,2000
mwi,49500,2001
mwi,51010,2002
mwi,51570,2003
mwi,52210,2004
mwi,51710,2005
mwi,49990,2006
mwi,48140,2007
mys,21440,1990
mys,21840,1991
mys,22240,1992
mys,22630,1993
mys,23020,1994
mys,23420,1995
mys,23830,1996
mys,24250,1997
mys,24660,1998
mys,25060,1999
mys,25430,2000
mys,25760,2001
mys,26080,2002
mys,26370,2003
mys,26650,2004
mys,26920,2005
mys,27180,2006
mys,27440,2007
mdv,278,1990
mdv,270,1991
mdv,262,1992
mdv,254,1993
mdv,246,1994
mdv,237,1995
mdv,228,1996
mdv,220,1997
mdv,211,1998
mdv,202,1999
mdv,194,2000
mdv,186,2001
mdv,178,2002
mdv,170,2003
mdv,163,2004
mdv,156,2005
mdv,149,2006
mdv,143,2007
mli,21080,1990
mli,21820,1991
mli,22580,1992
mli,23390,1993
mli,24220,1994
mli,25090,1995
mli,25990,1996
mli,26920,1997
mli,27900,1998
mli,28920,1999
mli,30010,2000
mli,31160,2001
mli,32380,2002
mli,33660,2003
mli,35000,2004
mli,36390,2005
mli,37840,2006
mli,39340,2007
mlt,41,1990
mlt,39,1991
mlt,37,1992
mlt,35,1993
mlt,34,1994
mlt,33,1995
mlt,32,1996
mlt,31,1997
mlt,30,1998
mlt,28,1999
mlt,27,2000
mlt,26,2001
mlt,26,2002
mlt,25,2003
mlt,25,2004
mlt,25,2005
mlt,25,2006
mlt,24,2007
mrt,4429,1990
mrt,4636,1991
mrt,4855,1992
mrt,5086,1993
mrt,5331,1994
mrt,5589,1995
mrt,5861,1996
mrt,6148,1997
mrt,6451,1998
mrt,6770,1999
mrt,7107,2000
mrt,7463,2001
mrt,7837,2002
mrt,8228,2003
mrt,8633,2004
mrt,9051,2005
mrt,9481,2006
mrt,9923,2007
mus,293,1990
mus,292,1991
mus,292,1992
mus,292,1993
mus,293,1994
mus,293,1995
mus,292,1996
mus,292,1997
mus,291,1998
mus,291,1999
mus,290,2000
mus,289,2001
mus,288,2002
mus,287,2003
mus,286,2004
mus,285,2005
mus,284,2006
mus,282,2007
mex,51480,1990
mex,49060,1991
mex,46750,1992
mex,44550,1993
mex,42460,1994
mex,40470,1995
mex,38580,1996
mex,36780,1997
mex,35030,1998
mex,33320,1999
mex,31610,2000
mex,29920,2001
mex,28260,2002
mex,26660,2003
mex,25160,2004
mex,23770,2005
mex,22480,2006
mex,21280,2007
fsm,182,1990
fsm,179,1991
fsm,177,1992
fsm,174,1993
fsm,171,1994
fsm,166,1995
fsm,161,1996
fsm,155,1997
fsm,148,1998
fsm,142,1999
fsm,137,2000
fsm,132,2001
fsm,127,2002
fsm,123,2003
fsm,119,2004
fsm,116,2005
fsm,112,2006
fsm,108,2007
mco,1,1990
mco,1,1991
mco,1,1992
mco,1,1993
mco,1,1994
mco,1,1995
mco,1,1996
mco,1,1997
mco,1,1998
mco,1,1999
mco,1,2000
mco,1,2001
mco,1,2002
mco,1,2003
mco,1,2004
mco,1,2005
mco,1,2006
mco,1,2007
mng,4552,1990
mng,4649,1991
mng,4731,1992
mng,4800,1993
mng,4858,1994
mng,4908,1995
mng,4950,1996
mng,4983,1997
mng,5011,1998
mng,5040,1999
mng,5073,2000
mng,5111,2001
mng,5155,2002
mng,5203,2003
mng,5252,2004
mng,5301,2005
mng,5351,2006
mng,5400,2007
msr,1,1990
msr,1,1991
msr,1,1992
msr,1,1993
msr,1,1994
msr,1,1995
msr,1,1996
msr,1,1997
msr,1,1998
msr,0,1999
msr,0,2000
msr,0,2001
msr,0,2002
msr,0,2003
msr,0,2004
msr,0,2005
msr,0,2006
msr,0,2007
mar,36930,1990
mar,36560,1991
mar,36150,1992
mar,35710,1993
mar,35260,1994
mar,34790,1995
mar,34300,1996
mar,33810,1997
mar,33310,1998
mar,32790,1999
mar,32260,2000
mar,31720,2001
mar,31180,2002
mar,30640,2003
mar,30100,2004
mar,29590,2005
mar,29100,2006
mar,28620,2007
moz,24540,1990
moz,27850,1991
moz,30710,1992
moz,34150,1993
moz,37760,1994
moz,41720,1995
moz,45370,1996
moz,50050,1997
moz,55360,1998
moz,61510,1999
moz,68720,2000
moz,76200,2001
moz,83500,2002
moz,89240,2003
moz,92310,2004
moz,93280,2005
moz,92870,2006
moz,92300,2007
mmr,68620,1990
mmr,69680,1991
mmr,70720,1992
mmr,71730,1993
mmr,72730,1994
mmr,73720,1995
mmr,74710,1996
mmr,75700,1997
mmr,76660,1998
mmr,77570,1999
mmr,78420,2000
mmr,79210,2001
mmr,79930,2002
mmr,80620,2003
mmr,81300,2004
mmr,81980,2005
mmr,82690,2006
mmr,83400,2007
nam,4566,1990
nam,5250,1991
nam,5794,1992
nam,6396,1993
nam,7014,1994
nam,7707,1995
nam,8368,1996
nam,9234,1997
nam,10220,1998
nam,11340,1999
nam,12620,2000
nam,13890,2001
nam,15070,2002
nam,15920,2003
nam,16300,2004
nam,16310,2005
nam,16110,2006
nam,15900,2007
nru,8,1990
nru,13,1991
nru,13,1992
nru,13,1993
nru,4,1994
nru,13,1995
nru,13,1996
nru,13,1997
nru,12,1998
nru,2,1999
nru,4,2000
nru,3,2001
nru,6,2002
nru,3,2003
nru,11,2004
nru,12,2005
nru,13,2006
nru,3,2007
npl,46440,1990
npl,46670,1991
npl,46910,1992
npl,47160,1993
npl,47410,1994
npl,47650,1995
npl,47880,1996
npl,48090,1997
npl,48290,1998
npl,48450,1999
npl,48580,2000
npl,48670,2001
npl,48720,2002
npl,48750,2003
npl,48770,2004
npl,48770,2005
npl,48770,2006
npl,48770,2007
nld,2115,1990
nld,2009,1991
nld,1923,1992
nld,1815,1993
nld,1751,1994
nld,1677,1995
nld,1632,1996
nld,1590,1997
nld,1534,1998
nld,1453,1999
nld,1397,2000
nld,1354,2001
nld,1348,2002
nld,1300,2003
nld,1279,2004
nld,1265,2005
nld,1250,2006
nld,1234,2007
ant,27,1990
ant,25,1991
ant,24,1992
ant,23,1993
ant,22,1994
ant,21,1995
ant,20,1996
ant,19,1997
ant,18,1998
ant,17,1999
ant,16,2000
ant,15,2001
ant,15,2002
ant,15,2003
ant,14,2004
ant,14,2005
ant,14,2006
ant,14,2007
ncl,159,1990
ncl,156,1991
ncl,156,1992
ncl,116,1993
ncl,108,1994
ncl,97,1995
ncl,116,1996
ncl,98,1997
ncl,100,1998
ncl,87,1999
ncl,104,2000
ncl,68,2001
ncl,72,2002
ncl,42,2003
ncl,68,2004
ncl,52,2005
ncl,53,2006
ncl,52,2007
nzl,346,1990
nzl,351,1991
nzl,325,1992
nzl,331,1993
nzl,356,1994
nzl,384,1995
nzl,374,1996
nzl,364,1997
nzl,397,1998
nzl,405,1999
nzl,410,2000
nzl,368,2001
nzl,383,2002
nzl,381,2003
nzl,382,2004
nzl,368,2005
nzl,334,2006
nzl,299,2007
nic,4458,1990
nic,4357,1991
nic,4262,1992
nic,4169,1993
nic,4075,1994
nic,3977,1995
nic,3875,1996
nic,3771,1997
nic,3665,1998
nic,3558,1999
nic,3450,2000
nic,3342,2001
nic,3234,2002
nic,3127,2003
nic,3023,2004
nic,2922,2005
nic,2825,2006
nic,2731,2007
ner,9775,1990
ner,10300,1991
ner,10870,1992
ner,11470,1993
ner,12110,1994
ner,12800,1995
ner,13530,1996
ner,14310,1997
ner,15130,1998
ner,16000,1999
ner,16910,2000
ner,17870,2001
ner,18880,2002
ner,19940,2003
ner,21060,2004
ner,22240,2005
ner,23480,2006
ner,24800,2007
nga,123300,1990
nga,140700,1991
nga,154700,1992
nga,170500,1993
nga,187000,1994
nga,205500,1995
nga,223000,1996
nga,246100,1997
nga,272600,1998
nga,303500,1999
nga,339500,2000
nga,376700,2001
nga,412800,2002
nga,441400,2003
nga,457000,2004
nga,462600,2005
nga,461600,2006
nga,460100,2007
niu,1,1990
niu,1,1991
niu,1,1992
niu,1,1993
niu,1,1994
niu,1,1995
niu,2,1996
niu,0,1997
niu,0,1998
niu,1,1999
niu,0,2000
niu,0,2001
niu,4,2002
niu,0,2003
niu,0,2004
niu,0,2005
niu,0,2006
niu,0,2007
mnp,31,1990
mnp,47,1991
mnp,74,1992
mnp,51,1993
mnp,51,1994
mnp,53,1995
mnp,57,1996
mnp,103,1997
mnp,108,1998
mnp,73,1999
mnp,83,2000
mnp,64,2001
mnp,59,2002
mnp,50,2003
mnp,59,2004
mnp,63,2005
mnp,57,2006
mnp,49,2007
nor,443,1990
nor,420,1991
nor,401,1992
nor,378,1993
nor,365,1994
nor,349,1995
nor,339,1996
nor,331,1997
nor,319,1998
nor,302,1999
nor,291,2000
nor,282,2001
nor,281,2002
nor,271,2003
nor,268,2004
nor,265,2005
nor,263,2006
nor,261,2007
omn,482,1990
omn,445,1991
omn,376,1992
omn,328,1993
omn,296,1994
omn,302,1995
omn,300,1996
omn,304,1997
omn,287,1998
omn,294,1999
omn,296,2000
omn,310,2001
omn,287,2002
omn,287,2003
omn,277,2004
omn,305,2005
omn,318,2006
omn,332,2007
pak,204800,1990
pak,210500,1991
pak,215800,1992
pak,220900,1993
pak,226100,1994
pak,231600,1995
pak,237500,1996
pak,243600,1997
pak,249900,1998
pak,256000,1999
pak,261700,2000
pak,267000,2001
pak,272000,2002
pak,276800,2003
pak,281600,2004
pak,286600,2005
pak,291700,2006
pak,297100,2007
plw,10,1990
plw,7,1991
plw,4,1992
plw,28,1993
plw,46,1994
plw,21,1995
plw,6,1996
plw,17,1997
plw,10,1998
plw,36,1999
plw,10,2000
plw,10,2001
plw,12,2002
plw,10,2003
plw,6,2004
plw,11,2005
plw,13,2006
plw,12,2007
pan,1144,1990
pan,1167,1991
pan,1192,1992
pan,1216,1993
pan,1241,1994
pan,1267,1995
pan,1293,1996
pan,1319,1997
pan,1346,1998
pan,1373,1999
pan,1400,2000
pan,1426,2001
pan,1453,2002
pan,1480,2003
pan,1507,2004
pan,1533,2005
pan,1560,2006
pan,1586,2007
png,10310,1990
png,10580,1991
png,10850,1992
png,11140,1993
png,11440,1994
png,11750,1995
png,12070,1996
png,12400,1997
png,12740,1998
png,13080,1999
png,13430,2000
png,13770,2001
png,14120,2002
png,14470,2003
png,14810,2004
png,15140,2005
png,15470,2006
png,15800,2007
pry,2560,1990
pry,2621,1991
pry,2682,1992
pry,2743,1993
pry,2803,1994
pry,2863,1995
pry,2923,1996
pry,2983,1997
pry,3042,1998
pry,3101,1999
pry,3160,2000
pry,3219,2001
pry,3278,2002
pry,3337,2003
pry,3395,2004
pry,3454,2005
pry,3512,2006
pry,3570,2007
per,69060,1990
per,66720,1991
per,64410,1992
per,62140,1993
per,59890,1994
per,57680,1995
per,55510,1996
per,53380,1997
per,51290,1998
per,49250,1999
per,47270,2000
per,45350,2001
per,43490,2002
per,41690,2003
per,39950,2004
per,38280,2005
per,36670,2006
per,35120,2007
phl,240900,1990
phl,242200,1991
phl,243400,1992
phl,244600,1993
phl,245700,1994
phl,246700,1995
phl,247600,1996
phl,248400,1997
phl,249100,1998
phl,249800,1999
phl,250600,2000
phl,251400,2001
phl,252200,2002
phl,252900,2003
phl,253600,2004
phl,254200,2005
phl,254700,2006
phl,255100,2007
pol,19860,1990
pol,20010,1991
pol,20290,1992
pol,20360,1993
pol,20120,1994
pol,19520,1995
pol,18420,1996
pol,17340,1997
pol,16040,1998
pol,14800,1999
pol,13520,2000
pol,12670,2001
pol,12160,2002
pol,11570,2003
pol,10810,2004
pol,10140,2005
pol,9860,2006
pol,9584,2007
prt,6735,1990
prt,6472,1991
prt,6198,1992
prt,6069,1993
prt,5944,1994
prt,5873,1995
prt,5692,1996
prt,5578,1997
prt,5347,1998
prt,5033,1999
prt,4696,2000
prt,4617,2001
prt,4488,2002
prt,4232,2003
prt,3847,2004
prt,3617,2005
prt,3385,2006
prt,3149,2007
pri,385,1990
pri,349,1991
pri,402,1992
pri,420,1993
pri,427,1994
pri,429,1995
pri,420,1996
pri,387,1997
pri,355,1998
pri,310,1999
pri,267,2000
pri,229,2001
pri,197,2002
pri,198,2003
pri,189,2004
pri,188,2005
pri,174,2006
pri,161,2007
qat,282,1990
qat,285,1991
qat,293,1992
qat,320,1993
qat,372,1994
qat,401,1995
qat,383,1996
qat,356,1997
qat,356,1998
qat,390,1999
qat,405,2000
qat,415,2001
qat,415,2002
qat,410,2003
qat,432,2004
qat,463,2005
qat,526,2006
qat,588,2007
kor,70950,1990
kor,62850,1991
kor,56590,1992
kor,49300,1993
kor,47080,1994
kor,44220,1995
kor,42420,1996
kor,39650,1997
kor,36970,1998
kor,32770,1999
kor,33690,2000
kor,34740,2001
kor,39230,2002
kor,38160,2003
kor,39380,2004
kor,40870,2005
kor,42040,2006
kor,43220,2007
mda,2832,1990
mda,2723,1991
mda,2870,1992
mda,3141,1993
mda,3486,1994
mda,3971,1995
mda,4474,1996
mda,4847,1997
mda,5203,1998
mda,5461,1999
mda,5711,2000
mda,5746,2001
mda,5646,2002
mda,5537,2003
mda,5453,2004
mda,5426,2005
mda,5384,2006
mda,5348,2007
rou,17070,1990
rou,18330,1991
rou,19830,1992
rou,22010,1993
rou,23900,1994
rou,25310,1995
rou,26220,1996
rou,27130,1997
rou,27840,1998
rou,29150,1999
rou,30190,2000
rou,31530,2001
rou,31840,2002
rou,31840,2003
rou,30490,2004
rou,29010,2005
rou,26810,2006
rou,24640,2007
rus,66960,1990
rus,62910,1991
rus,68190,1992
rus,76510,1993
rus,89490,1994
rus,108900,1995
rus,128600,1996
rus,139100,1997
rus,148700,1998
rus,157500,1999
rus,166200,2000
rus,164000,2001
rus,157200,2002
rus,152600,2003
rus,152300,2004
rus,152500,2005
rus,154900,2006
rus,157300,2007
rwa,12160,1990
rwa,13030,1991
rwa,13040,1992
rwa,12920,1993
rwa,12940,1994
rwa,13590,1995
rwa,14920,1996
rwa,17370,1997
rwa,20650,1998
rwa,24440,1999
rwa,28420,2000
rwa,32060,2001
rwa,35190,2002
rwa,37330,2003
rwa,38300,2004
rwa,38610,2005
rwa,38570,2006
rwa,38610,2007
kna,4,1990
kna,4,1991
kna,4,1992
kna,4,1993
kna,4,1994
kna,4,1995
kna,4,1996
kna,4,1997
kna,4,1998
kna,4,1999
kna,4,2000
kna,5,2001
kna,5,2002
kna,5,2003
kna,5,2004
kna,5,2005
kna,5,2006
kna,5,2007
lca,22,1990
lca,22,1991
lca,22,1992
lca,22,1993
lca,22,1994
lca,22,1995
lca,22,1996
lca,23,1997
lca,23,1998
lca,23,1999
lca,23,2000
lca,23,2001
lca,23,2002
lca,23,2003
lca,23,2004
lca,23,2005
lca,23,2006
lca,24,2007
vct,30,1990
vct,30,1991
vct,30,1992
vct,30,1993
vct,30,1994
vct,30,1995
vct,30,1996
vct,30,1997
vct,30,1998
vct,30,1999
vct,30,2000
vct,30,2001
vct,30,2002
vct,30,2003
vct,30,2004
vct,30,2005
vct,30,2006
vct,30,2007
wsm,51,1990
wsm,50,1991
wsm,49,1992
wsm,48,1993
wsm,47,1994
wsm,46,1995
wsm,45,1996
wsm,44,1997
wsm,43,1998
wsm,42,1999
wsm,41,2000
wsm,40,2001
wsm,40,2002
wsm,39,2003
wsm,38,2004
wsm,37,2005
wsm,36,2006
wsm,35,2007
smr,3,1990
smr,3,1991
smr,3,1992
smr,2,1993
smr,2,1994
smr,2,1995
smr,2,1996
smr,2,1997
smr,2,1998
smr,2,1999
smr,2,2000
smr,2,2001
smr,2,2002
smr,2,2003
smr,2,2004
smr,2,2005
smr,2,2006
smr,2,2007
stp,157,1990
stp,158,1991
stp,158,1992
stp,158,1993
stp,159,1994
stp,159,1995
stp,159,1996
stp,159,1997
stp,159,1998
stp,160,1999
stp,160,2000
stp,160,2001
stp,160,2002
stp,160,2003
stp,160,2004
stp,160,2005
stp,159,2006
stp,159,2007
sau,6957,1990
sau,6407,1991
sau,6360,1992
sau,6632,1993
sau,7297,1994
sau,7804,1995
sau,8399,1996
sau,8906,1997
sau,9473,1998
sau,9780,1999
sau,9879,2000
sau,9748,2001
sau,9617,2002
sau,9604,2003
sau,9756,2004
sau,10190,2005
sau,10810,2006
sau,11440,2007
sen,15370,1990
sen,16120,1991
sen,16900,1992
sen,17710,1993
sen,18560,1994
sen,19440,1995
sen,20360,1996
sen,21320,1997
sen,22320,1998
sen,23370,1999
sen,24460,2000
sen,25610,2001
sen,26820,2002
sen,28070,2003
sen,29380,2004
sen,30730,2005
sen,32150,2006
sen,33610,2007
syc,31,1990
syc,31,1991
syc,31,1992
syc,31,1993
syc,30,1994
syc,30,1995
syc,30,1996
syc,30,1997
syc,30,1998
syc,30,1999
syc,30,2000
syc,29,2001
syc,29,2002
syc,29,2003
syc,29,2004
syc,29,2005
syc,28,2006
syc,28,2007
sle,8454,1990
sle,9060,1991
sle,9645,1992
sle,10230,1993
sle,10860,1994
sle,11570,1995
sle,12370,1996
sle,13280,1997
sle,14320,1998
sle,15560,1999
sle,17040,2000
sle,18830,2001
sle,20930,2002
sle,23300,2003
sle,25840,2004
sle,28430,2005
sle,31040,2006
sle,33660,2007
sgp,1493,1990
sgp,1541,1991
sgp,1614,1992
sgp,1566,1993
sgp,1598,1994
sgp,1632,1995
sgp,1723,1996
sgp,1791,1997
sgp,1752,1998
sgp,1680,1999
sgp,1505,2000
sgp,1419,2001
sgp,1373,2002
sgp,1337,2003
sgp,1290,2004
sgp,1210,2005
sgp,1193,2006
sgp,1176,2007
svk,2085,1990
svk,2191,1991
svk,2352,1992
svk,2416,1993
svk,2329,1994
svk,2194,1995
svk,1982,1996
svk,1864,1997
svk,1680,1998
svk,1549,1999
svk,1413,2000
svk,1356,2001
svk,1308,2002
svk,1161,2003
svk,1040,2004
svk,934,2005
svk,915,2006
svk,896,2007
svn,824,1990
svn,773,1991
svn,743,1992
svn,720,1993
svn,675,1994
svn,641,1995
svn,624,1996
svn,593,1997
svn,538,1998
svn,493,1999
svn,457,2000
svn,423,2001
svn,386,2002
svn,343,2003
svn,315,2004
svn,288,2005
svn,273,2006
svn,259,2007
slb,980,1990
slb,956,1991
slb,934,1992
slb,912,1993
slb,890,1994
slb,869,1995
slb,848,1996
slb,828,1997
slb,807,1998
slb,787,1999
slb,767,2000
slb,748,2001
slb,728,2002
slb,709,2003
slb,690,2004
slb,671,2005
slb,652,2006
slb,634,2007
som,16700,1990
som,16520,1991
som,16210,1992
som,15860,1993
som,15600,1994
som,15530,1995
som,15670,1996
som,16000,1997
som,16470,1998
som,17000,1999
som,17550,2000
som,18090,2001
som,18640,2002
som,19200,2003
som,19780,2004
som,20380,2005
som,21000,2006
som,21630,2007
zaf,110000,1990
zaf,112900,1991
zaf,116400,1992
zaf,120400,1993
zaf,125200,1994
zaf,131600,1995
zaf,140900,1996
zaf,155500,1997
zaf,178900,1998
zaf,214200,1999
zaf,261400,2000
zaf,314400,2001
zaf,363300,2002
zaf,401100,2003
zaf,426900,2004
zaf,443500,2005
zaf,453900,2006
zaf,460600,2007
esp,21640,1990
esp,20470,1991
esp,19520,1992
esp,18350,1993
esp,17630,1994
esp,16830,1995
esp,16300,1996
esp,15820,1997
esp,15220,1998
esp,14400,1999
esp,13900,2000
esp,13560,2001
esp,13640,2002
esp,13320,2003
esp,13260,2004
esp,13240,2005
esp,13190,2006
esp,13100,2007
lka,10350,1990
lka,10480,1991
lka,10600,1992
lka,10720,1993
lka,10840,1994
lka,10940,1995
lka,11030,1996
lka,11120,1997
lka,11190,1998
lka,11260,1999
lka,11320,2000
lka,11380,2001
lka,11430,2002
lka,11470,2003
lka,11520,2004
lka,11570,2005
lka,11620,2006
lka,11680,2007
sdn,45220,1990
sdn,47270,1991
sdn,49460,1992
sdn,51770,1993
sdn,54190,1994
sdn,56720,1995
sdn,59350,1996
sdn,62090,1997
sdn,64920,1998
sdn,67810,1999
sdn,70730,2000
sdn,73680,2001
sdn,76660,2002
sdn,79710,2003
sdn,82910,2004
sdn,86320,2005
sdn,89950,2006
sdn,93810,2007
sur,265,1990
sur,249,1991
sur,199,1992
sur,207,1993
sur,200,1994
sur,211,1995
sur,241,1996
sur,284,1997
sur,340,1998
sur,357,1999
sur,344,2000
sur,347,2001
sur,355,2002
sur,384,2003
sur,410,2004
sur,453,2005
sur,493,2006
sur,533,2007
swz,2310,1990
swz,2365,1991
swz,2361,1992
swz,2470,1993
swz,2755,1994
swz,3230,1995
swz,3896,1996
swz,4736,1997
swz,5688,1998
swz,7181,1999
swz,8481,2000
swz,9848,2001
swz,10830,2002
swz,11860,2003
swz,12550,2004
swz,12830,2005
swz,13260,2006
swz,13670,2007
swe,594,1990
swe,599,1991
swe,620,1992
swe,626,1993
swe,610,1994
swe,567,1995
swe,539,1996
swe,497,1997
swe,490,1998
swe,476,1999
swe,458,2000
swe,421,2001
swe,410,2002
swe,418,2003
swe,476,2004
swe,512,2005
swe,528,2006
swe,544,2007
che,1253,1990
che,1212,1991
che,1088,1992
che,1013,1993
che,957,1994
che,899,1995
che,835,1996
che,806,1997
che,803,1998
che,731,1999
che,656,2000
che,596,2001
che,600,2002
che,596,2003
che,567,2004
che,534,2005
che,497,2006
che,460,2007
syr,7711,1990
syr,7513,1991
syr,7313,1992
syr,7113,1993
syr,6911,1994
syr,6708,1995
syr,6505,1996
syr,6303,1997
syr,6107,1998
syr,5919,1999
syr,5742,2000
syr,5576,2001
syr,5419,2002
syr,5268,2003
syr,5121,2004
syr,4977,2005
syr,4836,2006
syr,4698,2007
tjk,5927,1990
tjk,5148,1991
tjk,3668,1992
tjk,2651,1993
tjk,2918,1994
tjk,3742,1995
tjk,4777,1996
tjk,5113,1997
tjk,5862,1998
tjk,6385,1999
tjk,7250,2000
tjk,8477,2001
tjk,9697,2002
tjk,10540,2003
tjk,11680,2004
tjk,12590,2005
tjk,14040,2006
tjk,15540,2007
tha,77230,1990
tha,78170,1991
tha,79090,1992
tha,80000,1993
tha,80910,1994
tha,81830,1995
tha,82760,1996
tha,83690,1997
tha,84610,1998
tha,85480,1999
tha,86300,2000
tha,87050,2001
tha,87740,2002
tha,88380,2003
tha,89000,2004
tha,89620,2005
tha,90250,2006
tha,90880,2007
mkd,1023,1990
mkd,1017,1991
mkd,1027,1992
mkd,1019,1993
mkd,995,1994
mkd,949,1995
mkd,934,1996
mkd,924,1997
mkd,901,1998
mkd,814,1999
mkd,723,2000
mkd,671,2001
mkd,653,2002
mkd,634,2003
mkd,620,2004
mkd,608,2005
mkd,603,2006
mkd,597,2007
tls,2383,1990
tls,2462,1991
tls,2553,1992
tls,2641,1993
tls,2706,1994
tls,2738,1995
tls,2726,1996
tls,2681,1997
tls,2628,1998
tls,2604,1999
tls,2636,2000
tls,2732,2001
tls,2885,2002
tls,3072,2003
tls,3263,2004
tls,3437,2005
tls,3586,2006
tls,3718,2007
tgo,12180,1990
tgo,12760,1991
tgo,13330,1992
tgo,13930,1993
tgo,14580,1994
tgo,15320,1995
tgo,16160,1996
tgo,17100,1997
tgo,18110,1998
tgo,19160,1999
tgo,20220,2000
tgo,21280,2001
tgo,22350,2002
tgo,23440,2003
tgo,24570,2004
tgo,25750,2005
tgo,26980,2006
tgo,28260,2007
tkl,1,1990
tkl,1,1991
tkl,1,1992
tkl,1,1993
tkl,0,1994
tkl,2,1995
tkl,0,1996
tkl,1,1997
tkl,1,1998
tkl,0,1999
tkl,0,2000
tkl,0,2001
tkl,1,2002
tkl,0,2003
tkl,1,2004
tkl,0,2005
tkl,0,2006
tkl,0,2007
ton,32,1990
ton,31,1991
ton,31,1992
ton,31,1993
ton,30,1994
ton,30,1995
ton,29,1996
ton,29,1997
ton,28,1998
ton,28,1999
ton,27,2000
ton,27,2001
ton,26,2002
ton,26,2003
ton,25,2004
ton,25,2005
ton,24,2006
ton,24,2007
tto,138,1990
tto,139,1991
tto,140,1992
tto,141,1993
tto,142,1994
tto,143,1995
tto,144,1996
tto,144,1997
tto,145,1998
tto,146,1999
tto,146,2000
tto,147,2001
tto,147,2002
tto,148,2003
tto,148,2004
tto,149,2005
tto,149,2006
tto,150,2007
tun,2583,1990
tun,2485,1991
tun,2684,1992
tun,2809,1993
tun,2899,1994
tun,2827,1995
tun,2798,1996
tun,2730,1997
tun,2639,1998
tun,2535,1999
tun,2430,2000
tun,2321,2001
tun,2292,2002
tun,2311,2003
tun,2387,2004
tun,2453,2005
tun,2566,2006
tun,2682,2007
tur,28320,1990
tur,27860,1991
tur,27940,1992
tur,27460,1993
tur,26550,1994
tur,24900,1995
tur,25540,1996
tur,26460,1997
tur,27220,1998
tur,24400,1999
tur,21330,2000
tur,19800,2001
tur,19750,2002
tur,19860,2003
tur,20480,2004
tur,21110,2005
tur,21620,2006
tur,22140,2007
tkm,2356,1990
tkm,2328,1991
tkm,2470,1992
tkm,2472,1993
tkm,2436,1994
tkm,2198,1995
tkm,2558,1996
tkm,3211,1997
tkm,3911,1998
tkm,4118,1999
tkm,4156,2000
tkm,4013,2001
tkm,3921,2002
tkm,3727,2003
tkm,3563,2004
tkm,3373,2005
tkm,3387,2006
tkm,3399,2007
tca,3,1990
tca,3,1991
tca,3,1992
tca,3,1993
tca,3,1994
tca,3,1995
tca,3,1996
tca,3,1997
tca,3,1998
tca,3,1999
tca,3,2000
tca,3,2001
tca,3,2002
tca,3,2003
tca,3,2004
tca,3,2005
tca,3,2006
tca,3,2007
tuv,28,1990
tuv,27,1991
tuv,27,1992
tuv,26,1993
tuv,25,1994
tuv,25,1995
tuv,24,1996
tuv,23,1997
tuv,23,1998
tuv,22,1999
tuv,21,2000
tuv,21,2001
tuv,20,2002
tuv,20,2003
tuv,19,2004
tuv,19,2005
tuv,18,2006
tuv,18,2007
uga,29080,1990
uga,46180,1991
uga,52110,1992
uga,58810,1993
uga,62850,1994
uga,67740,1995
uga,68810,1996
uga,72160,1997
uga,75860,1998
uga,77620,1999
uga,83980,2000
uga,91600,2001
uga,101500,2002
uga,107400,2003
uga,107800,2004
uga,107000,2005
uga,104500,2006
uga,101800,2007
ukr,21320,1990
ukr,20500,1991
ukr,21900,1992
ukr,23470,1993
ukr,24800,1994
ukr,26180,1995
ukr,29280,1996
ukr,31790,1997
ukr,35560,1998
ukr,37400,1999
ukr,40990,2000
ukr,43920,2001
ukr,45530,2002
ukr,46170,2003
ukr,45960,2004
ukr,47650,2005
ukr,47280,2006
ukr,46920,2007
are,555,1990
are,552,1991
are,552,1992
are,545,1993
are,551,1994
are,554,1995
are,568,1996
are,584,1997
are,594,1998
are,592,1999
are,599,2000
are,608,2001
are,634,2002
are,638,2003
are,653,2004
are,668,2005
are,682,2006
are,692,2007
gbr,6722,1990
gbr,6852,1991
gbr,7065,1992
gbr,7106,1993
gbr,7019,1994
gbr,6928,1995
gbr,6987,1996
gbr,6987,1997
gbr,6966,1998
gbr,6915,1999
gbr,6860,2000
gbr,7122,2001
gbr,7190,2002
gbr,7567,2003
gbr,8043,2004
gbr,8698,2005
gbr,9003,2006
gbr,9308,2007
tza,45410,1990
tza,51690,1991
tza,57990,1992
tza,64560,1993
tza,72320,1994
tza,81160,1995
tza,89160,1996
tza,96910,1997
tza,102400,1998
tza,107900,1999
tza,114800,2000
tza,120300,2001
tza,125200,2002
tza,125800,2003
tza,126400,2004
tza,124900,2005
tza,122700,2006
tza,120300,2007
vir,20,1990
vir,19,1991
vir,18,1992
vir,17,1993
vir,16,1994
vir,16,1995
vir,15,1996
vir,15,1997
vir,14,1998
vir,14,1999
vir,13,2000
vir,13,2001
vir,12,2002
vir,12,2003
vir,12,2004
vir,12,2005
vir,11,2006
vir,11,2007
usa,24030,1990
usa,25050,1991
usa,24870,1992
usa,24210,1993
usa,22950,1994
usa,21720,1995
usa,20300,1996
usa,18880,1997
usa,17700,1998
usa,16600,1999
usa,15850,2000
usa,15070,2001
usa,14600,2002
usa,14140,2003
usa,13830,2004
usa,13500,2005
usa,13110,2006
usa,12720,2007
ury,861,1990
ury,856,1991
ury,851,1992
ury,847,1993
ury,842,1994
ury,837,1995
ury,833,1996
ury,828,1997
ury,823,1998
ury,817,1999
ury,810,2000
ury,801,2001
ury,791,2002
ury,781,2003
ury,771,2004
ury,761,2005
ury,753,2006
ury,745,2007
uzb,14030,1990
uzb,13410,1991
uzb,13580,1992
uzb,16150,1993
uzb,16440,1994
uzb,17490,1995
uzb,16700,1996
uzb,18940,1997
uzb,20450,1998
uzb,21590,1999
uzb,22930,2000
uzb,25530,2001
uzb,27900,2002
uzb,29300,2003
uzb,29740,2004
uzb,31240,2005
uzb,31030,2006
uzb,30810,2007
vut,207,1990
vut,206,1991
vut,205,1992
vut,204,1993
vut,203,1994
vut,201,1995
vut,198,1996
vut,195,1997
vut,192,1998
vut,189,1999
vut,186,2000
vut,184,2001
vut,183,2002
vut,181,2003
vut,180,2004
vut,178,2005
vut,176,2006
vut,174,2007
ven,6966,1990
ven,7114,1991
ven,7258,1992
ven,7401,1993
ven,7542,1994
ven,7682,1995
ven,7821,1996
ven,7959,1997
ven,8096,1998
ven,8232,1999
ven,8367,2000
ven,8501,2001
ven,8634,2002
ven,8767,2003
ven,8899,2004
ven,9030,2005
ven,9161,2006
ven,9290,2007
vnm,133900,1990
vnm,135500,1991
vnm,137100,1992
vnm,138700,1993
vnm,140100,1994
vnm,141300,1995
vnm,142300,1996
vnm,143100,1997
vnm,143800,1998
vnm,144400,1999
vnm,145100,2000
vnm,145700,2001
vnm,146500,2002
vnm,147200,2003
vnm,147800,2004
vnm,148500,2005
vnm,149000,2006
vnm,149600,2007
wlf,9,1990
wlf,24,1991
wlf,4,1992
wlf,12,1993
wlf,12,1994
wlf,7,1995
wlf,9,1996
wlf,16,1997
wlf,8,1998
wlf,8,1999
wlf,8,2000
wlf,1,2001
wlf,21,2002
wlf,17,2003
wlf,7,2004
wlf,8,2005
wlf,7,2006
wlf,2,2007
pse,745,1990
pse,762,1991
pse,798,1992
pse,799,1993
pse,820,1994
pse,832,1995
pse,838,1996
pse,815,1997
pse,806,1998
pse,808,1999
pse,815,2000
pse,817,2001
pse,817,2002
pse,813,2003
pse,803,2004
pse,799,2005
pse,800,2006
pse,799,2007
yem,16380,1990
yem,16880,1991
yem,17860,1992
yem,18060,1993
yem,18660,1994
yem,18980,1995
yem,19080,1996
yem,18480,1997
yem,18170,1998
yem,18060,1999
yem,18100,2000
yem,18020,2001
yem,17900,2002
yem,17700,2003
yem,17400,2004
yem,17230,2005
yem,17180,2006
yem,17120,2007
zmb,24150,1990
zmb,29140,1991
zmb,35220,1992
zmb,40460,1993
zmb,45190,1994
zmb,49600,1995
zmb,52620,1996
zmb,56070,1997
zmb,58230,1998
zmb,61680,1999
zmb,62900,2000
zmb,66870,2001
zmb,68670,2002
zmb,72210,2003
zmb,70160,2004
zmb,67440,2005
zmb,63960,2006
zmb,60340,2007
zwe,34460,1990
zwe,39260,1991
zwe,43010,1992
zwe,47170,1993
zwe,51360,1994
zwe,55940,1995
zwe,60100,1996
zwe,65570,1997
zwe,71710,1998
zwe,78700,1999
zwe,86670,2000
zwe,94530,2001
zwe,101700,2002
zwe,106800,2003
zwe,108600,2004
zwe,108100,2005
zwe,106200,2006
zwe,104400,2007
